,target,f1,f2,f3,f4,f5,f6,f7,f8,f9
0,1,1,3,0,3,0,1,1,1,1
1,0,1,3,0,3,0,1,1,1,1
2,1,1,3,0,3,0,1,1,1,1
3,1,2,1,0,0,0,1,0,1,1
4,0,1,0,0,3,0,0,0,0,0
5,0,1,0,0,3,0,0,0,0,0
6,1,0,0,0,0,0,2,2,1,1
7,1,0,0,0,0,0,2,2,1,1
8,0,2,4,0,3,0,2,0,1,1
9,0,2,4,0,3,0,2,0,1,1
10,0,2,4,0,3,0,2,0,1,1
11,1,2,4,0,3,0,2,0,1,1
12,0,2,4,0,3,0,2,0,1,1
13,0,0,1,0,2,0,2,0,1,1
14,0,1,3,0,1,0,1,2,0,0
15,0,1,3,0,1,0,1,2,2,0
16,0,0,3,0,2,0,1,1,2,0
17,0,0,3,0,2,0,1,1,2,0
18,0,0,3,0,2,0,1,1,2,0
19,0,1,0,1,1,0,1,0,2,0
20,0,0,3,1,2,0,2,0,0,0
21,1,0,3,1,2,0,2,0,0,0
22,0,2,1,1,0,0,0,2,3,0
23,0,1,0,1,1,0,1,1,2,1
24,0,0,0,1,1,2,1,1,1,0
25,1,0,0,1,1,2,1,1,1,0
26,0,0,0,1,1,2,1,1,1,0
27,0,0,0,1,1,2,1,1,0,1
28,1,0,0,1,1,2,1,1,0,1
29,1,0,0,1,1,2,1,1,0,1
30,1,2,3,1,1,2,1,0,2,1
31,0,0,4,0,2,0,1,0,1,0
32,0,0,4,0,2,0,1,0,1,0
33,0,0,4,0,2,0,1,0,1,0
34,1,0,4,0,2,0,1,0,1,0
35,0,0,4,0,2,0,1,0,1,0
36,1,0,4,0,2,0,1,0,1,0
37,1,3,4,0,3,0,0,1,4,0
38,0,3,4,0,3,0,0,1,4,0
39,0,1,0,0,3,0,0,0,4,0
40,0,0,3,0,3,0,0,0,1,0
41,0,0,3,0,3,0,0,0,1,0
42,0,1,4,0,3,0,1,0,3,0
43,0,1,4,0,3,0,1,0,3,0
44,0,1,3,0,0,0,2,0,2,0
45,1,1,3,0,0,0,2,0,2,0
46,1,1,3,0,0,0,2,0,2,0
47,1,0,1,0,2,0,1,0,3,0
48,1,0,1,0,2,0,1,0,3,0
49,1,1,2,0,1,2,0,0,2,0
50,1,1,2,0,1,2,0,0,2,0
51,0,1,2,0,1,2,0,0,2,0
52,1,1,2,0,1,2,0,0,2,0
53,0,1,0,1,1,0,2,1,2,0
54,0,1,0,1,1,0,2,1,2,0
55,0,0,1,1,0,0,1,1,0,0
56,0,0,1,1,0,0,1,1,0,0
57,1,0,1,1,0,0,1,1,0,0
58,1,0,0,0,0,0,0,1,1,0
59,0,0,1,0,1,0,0,0,0,0
60,0,0,1,0,1,0,0,0,0,0
61,0,0,1,0,1,0,0,0,0,0
62,1,2,3,0,1,2,1,1,1,0
63,0,2,3,0,1,2,1,1,1,0
64,0,2,3,0,1,2,1,1,1,0
65,0,1,0,1,0,0,0,1,3,0
66,0,1,0,1,0,0,0,1,3,0
67,0,1,0,1,0,0,0,1,3,0
68,1,0,1,1,2,0,1,0,0,0
69,1,0,1,1,2,0,1,0,0,0
70,1,0,1,1,2,0,1,0,0,0
71,1,2,1,0,1,2,1,0,2,1
72,0,2,1,0,1,2,1,0,2,1
73,0,2,1,0,1,2,1,0,2,1
74,0,3,3,0,0,2,0,0,0,1
75,0,2,0,0,2,2,0,0,2,0
76,1,2,0,0,2,2,0,0,2,0
77,1,1,2,0,2,2,0,0,3,0
78,1,1,2,0,2,2,0,0,3,0
79,0,1,2,0,2,2,0,0,3,0
80,1,1,2,0,2,2,0,0,3,0
81,0,2,2,0,1,0,1,3,3,0
82,0,2,2,0,1,0,1,3,3,0
83,1,2,2,0,1,0,1,3,3,0
84,1,2,2,0,2,1,1,1,1,0
85,0,2,2,0,2,1,1,1,1,0
86,1,2,2,0,2,1,1,1,1,0
87,1,2,2,0,2,1,1,1,1,0
88,0,1,2,0,3,1,0,1,1,1
89,0,0,1,1,1,1,0,0,1,0
90,0,0,1,1,1,1,0,0,1,0
91,0,0,1,1,1,1,0,0,1,0
92,1,1,1,1,1,0,0,1,3,0
93,1,1,1,1,1,0,0,1,3,0
94,0,1,1,1,1,0,0,1,3,0
95,0,1,1,1,1,0,0,1,3,0
96,0,3,1,1,1,0,0,0,3,0
97,0,3,1,1,1,0,0,0,3,0
98,0,3,1,1,1,0,0,0,3,0
99,0,2,1,1,4,0,0,3,1,0
100,0,0,4,0,0,2,0,3,1,0
101,0,0,4,0,0,2,0,3,1,0
102,0,0,4,0,0,2,0,3,1,0
103,1,1,0,0,0,1,1,2,3,0
104,0,1,0,0,0,1,1,2,3,0
105,1,1,0,0,0,1,1,2,3,0
106,1,2,1,0,0,1,2,0,1,0
107,0,2,1,0,0,1,2,0,1,0
108,0,2,1,0,0,0,1,1,3,0
109,1,2,1,0,0,0,1,1,3,0
110,0,2,4,0,3,2,0,1,1,0
111,0,2,4,0,3,2,0,1,1,0
112,0,2,4,0,3,2,0,1,1,0
113,0,0,1,0,3,0,0,0,2,0
114,0,1,0,1,2,0,1,1,1,0
115,0,1,0,1,2,0,1,1,1,0
116,0,1,0,1,2,0,1,1,1,0
117,0,1,0,1,2,0,1,1,1,0
118,0,1,0,1,2,0,1,1,1,0
119,1,0,1,0,2,0,1,1,1,0
120,0,0,1,0,2,0,1,1,1,0
121,1,1,1,0,3,0,0,1,2,1
122,1,1,1,0,3,0,0,1,2,1
123,0,2,3,1,3,0,1,3,2,0
124,1,2,3,1,3,0,1,3,2,0
125,1,0,1,0,2,0,0,1,3,1
126,0,0,1,0,2,0,0,1,3,1
127,0,0,1,0,2,0,0,1,3,1
128,0,0,0,0,1,0,0,3,4,0
129,1,0,0,0,1,0,0,3,4,0
130,0,0,0,0,1,0,0,3,4,0
131,1,2,1,1,0,0,1,0,3,0
132,0,2,4,1,3,0,1,3,1,0
133,0,2,4,1,3,0,1,3,1,0
134,0,0,0,1,0,0,1,0,2,0
135,0,1,0,1,3,0,0,0,2,0
136,0,1,0,1,3,0,0,0,2,0
137,0,1,0,1,3,0,0,0,2,0
138,0,0,1,1,1,0,1,0,3,1
139,0,0,1,1,1,0,1,1,4,0
140,0,1,3,2,2,0,2,0,2,0
141,0,1,3,2,2,0,2,1,1,0
142,1,1,4,1,3,0,3,1,1,0
143,1,1,4,1,3,0,3,1,1,0
144,0,1,3,1,0,0,1,1,2,1
145,1,1,3,1,0,0,1,1,2,1
146,0,0,0,0,3,0,1,1,4,1
147,0,0,0,0,3,0,1,1,4,1
148,1,2,1,0,0,0,1,3,0,0
149,0,2,1,1,1,0,1,0,3,0
150,1,2,1,1,1,0,1,0,3,0
151,0,2,1,1,1,0,1,0,3,0
152,0,1,0,1,2,0,0,1,3,0
153,1,1,0,1,2,0,0,1,3,0
154,0,1,0,1,2,0,0,1,3,0
155,1,1,0,1,1,0,1,1,1,0
156,0,1,0,1,1,0,1,1,1,0
157,1,0,0,0,4,2,1,0,3,0
158,0,0,0,0,4,2,1,0,3,0
159,0,0,3,0,1,2,0,0,0,0
160,0,0,3,0,1,2,0,0,0,0
161,0,0,3,0,1,2,0,0,0,0
162,0,1,3,0,2,2,0,0,3,1
163,0,1,3,0,2,2,0,0,3,1
164,0,0,1,0,1,2,1,0,1,1
165,0,0,1,0,1,2,1,0,1,1
166,0,0,1,0,1,2,1,0,1,1
167,0,0,4,1,1,0,2,0,2,0
168,0,0,4,1,1,0,2,0,2,0
169,0,1,3,1,2,0,0,0,1,0
170,0,1,3,1,2,0,0,0,1,0
171,0,0,3,0,3,0,1,1,1,0
172,1,0,3,0,3,0,1,1,1,0
173,0,0,3,0,3,0,0,0,2,0
174,0,2,0,0,0,0,1,1,1,0
175,1,1,0,0,0,2,0,1,0,0
176,0,1,0,0,0,2,0,1,0,0
177,0,0,0,0,0,0,0,2,1,1
178,0,1,0,0,3,2,1,1,1,1
179,1,1,0,0,3,2,1,1,1,1
180,1,1,0,0,1,2,1,0,2,1
181,0,1,0,0,1,2,1,0,2,1
182,0,1,0,0,1,2,1,0,2,1
183,1,1,0,0,1,2,1,0,2,1
184,0,2,1,0,2,0,1,0,2,0
185,0,0,1,0,0,2,0,0,2,0
186,0,0,1,0,0,2,0,0,2,0
187,0,0,1,0,0,2,0,0,2,0
188,0,0,1,0,2,0,1,1,2,1
189,1,0,1,0,2,0,1,1,2,1
190,1,2,1,0,2,0,1,1,4,1
191,0,1,1,0,0,1,0,0,1,0
192,1,1,1,0,0,1,0,0,1,0
193,1,1,1,0,0,1,0,0,1,0
194,0,1,1,0,0,1,0,0,1,0
195,0,2,2,0,3,0,1,0,1,0
196,0,2,2,0,3,0,1,0,1,0
197,1,2,2,0,3,0,1,0,1,0
198,1,2,0,0,3,0,1,1,1,0
199,1,2,0,0,3,0,1,1,1,0
200,0,1,1,0,1,0,0,0,1,1
201,1,1,1,0,1,0,0,0,1,1
202,1,1,1,0,1,0,0,0,1,1
203,1,1,1,0,1,0,0,0,1,1
204,0,1,1,0,2,2,0,1,2,1
205,1,1,1,0,2,2,0,1,2,1
206,0,1,1,0,2,2,0,1,2,1
207,1,0,2,0,1,2,1,1,1,1
208,0,0,2,0,1,2,1,1,1,1
209,0,0,2,0,1,2,1,1,1,1
210,0,1,1,0,1,0,1,1,1,0
211,0,1,1,0,1,0,1,1,1,0
212,1,1,1,0,1,0,1,1,1,0
213,1,1,1,0,1,0,1,1,1,0
214,1,2,1,0,1,2,2,1,3,1
215,1,2,3,0,1,0,0,0,3,0
216,0,2,3,0,1,0,0,0,3,0
217,1,2,3,0,1,0,0,0,3,0
218,1,2,3,0,1,0,0,0,3,0
219,0,1,0,1,3,0,0,0,2,0
220,1,1,0,1,3,0,0,0,2,0
221,0,1,1,1,0,0,1,0,0,0
222,0,1,1,1,0,0,1,0,0,0
223,0,0,0,0,0,0,0,0,0,0
224,0,1,1,0,0,2,1,1,0,1
225,1,1,1,0,0,2,1,1,0,1
226,0,0,1,0,3,0,1,1,1,0
227,0,0,1,0,3,0,1,1,1,0
228,0,0,2,0,3,2,1,1,0,1
229,0,0,2,0,3,2,1,1,0,1
230,0,1,3,1,1,1,1,0,1,0
231,1,1,3,1,1,1,1,0,1,0
232,0,1,3,1,1,1,1,0,1,0
233,1,1,3,1,1,1,1,0,1,0
234,0,1,1,0,1,2,1,3,2,1
235,1,1,1,0,1,2,1,3,2,1
236,1,0,0,0,0,2,1,3,2,1
237,0,0,1,0,0,2,1,2,3,1
238,0,0,1,0,0,2,1,2,3,1
239,0,0,1,0,0,2,1,2,3,1
240,1,1,1,0,1,2,1,1,0,0
241,1,2,1,0,2,0,1,1,0,1
242,0,2,1,0,2,0,1,1,0,1
243,0,2,1,0,2,0,1,1,0,1
244,0,2,1,0,2,0,1,1,0,1
245,0,1,3,0,1,0,0,0,2,0
246,0,1,3,0,1,0,0,0,2,0
247,0,1,3,0,1,0,0,0,2,0
248,1,2,0,1,2,1,1,1,1,1
249,1,1,0,0,0,0,1,2,0,1
250,1,0,1,0,3,0,0,0,0,0
251,0,0,1,0,3,0,0,0,0,0
252,0,1,1,0,3,0,2,1,3,1
253,1,1,1,0,0,0,1,2,1,1
254,0,1,1,0,0,0,1,2,1,1
255,0,1,0,0,0,0,1,0,4,0
256,0,0,0,0,2,0,0,0,0,0
257,1,3,1,0,2,0,1,1,4,0
258,1,2,1,0,1,0,1,1,4,0
259,0,1,1,0,2,0,0,1,2,0
260,0,1,1,0,3,0,0,1,0,0
261,0,1,1,0,3,0,0,1,0,0
262,0,1,1,1,0,0,0,2,0,0
263,0,1,1,1,0,0,0,2,0,0
264,0,1,1,1,0,0,0,2,0,0
265,0,1,3,1,3,0,0,2,0,0
266,0,1,0,0,2,0,1,1,1,0
267,1,1,0,0,2,0,1,1,1,0
268,1,1,0,0,2,0,1,1,1,0
269,1,1,0,0,2,0,1,1,1,0
270,1,1,0,0,2,0,1,1,1,0
271,0,1,0,0,2,0,1,1,1,0
272,1,1,1,0,0,2,1,0,2,0
273,0,1,0,0,1,2,0,0,3,0
274,0,1,0,0,1,2,0,0,3,0
275,1,1,0,0,1,2,0,0,3,0
276,0,2,0,0,1,0,3,1,1,0
277,0,2,0,0,1,0,3,1,1,0
278,0,2,0,0,1,0,3,1,1,0
279,0,2,0,0,1,0,3,1,1,0
280,0,0,1,0,1,0,2,2,1,1
281,0,0,1,0,1,0,2,2,1,1
282,0,1,1,0,0,1,1,2,0,1
283,0,1,1,0,0,1,1,2,0,1
284,0,1,1,0,0,1,1,2,0,1
285,1,1,1,0,0,1,1,2,0,1
286,1,2,1,0,3,0,1,1,2,1
287,0,2,1,0,3,0,1,1,2,1
288,0,2,1,0,3,0,1,1,2,1
289,0,3,1,0,0,0,1,1,3,1
290,0,3,1,0,0,0,1,1,3,1
291,1,3,1,0,0,0,1,1,3,1
292,0,3,1,0,0,0,1,1,3,1
293,0,2,1,0,0,0,1,1,0,1
294,0,2,1,0,0,0,1,1,0,1
295,0,1,1,0,2,1,1,1,2,0
296,1,1,1,0,0,1,0,1,2,1
297,0,1,1,0,0,1,0,1,2,1
298,1,1,0,0,1,1,0,3,0,0
299,0,1,0,0,1,1,0,3,0,0
300,1,1,0,0,1,0,1,2,1,1
301,0,2,0,1,1,2,2,0,2,1
302,1,2,0,1,1,2,2,0,2,1
303,0,1,0,0,2,1,1,1,1,1
304,0,1,0,0,2,1,1,1,1,1
305,0,0,3,0,3,1,1,0,2,0
306,0,1,1,0,3,1,0,1,1,0
307,0,1,1,0,3,1,0,1,1,0
308,0,1,1,0,3,1,0,1,1,0
309,0,0,1,0,0,0,0,2,2,0
310,1,0,1,0,0,0,0,2,2,0
311,0,2,0,0,0,2,1,1,1,1
312,0,2,0,0,0,2,1,1,1,1
313,1,2,0,0,0,2,1,1,1,1
314,1,2,0,0,0,2,1,1,1,1
315,0,1,1,0,1,0,1,0,2,0
316,0,1,1,0,1,0,1,0,2,0
317,0,1,1,0,1,0,1,0,2,0
318,0,0,4,1,1,0,0,0,1,0
319,0,0,4,1,1,0,0,0,1,0
320,0,0,0,1,2,0,0,1,1,0
321,0,0,0,1,2,0,0,1,1,0
322,0,1,3,0,1,0,1,1,1,0
323,0,1,0,1,3,0,1,2,2,0
324,0,1,0,1,3,0,1,2,2,0
325,1,1,0,1,3,0,1,2,2,0
326,1,1,0,1,3,0,1,2,2,0
327,1,1,1,1,4,0,0,2,1,0
328,0,2,1,0,3,2,1,3,3,0
329,0,2,1,0,3,2,1,3,3,0
330,0,2,1,0,3,2,1,3,3,0
331,0,1,0,0,2,0,0,0,2,0
332,0,1,1,0,1,2,1,1,4,0
333,0,2,3,0,1,0,1,1,3,0
334,1,0,0,0,0,0,0,1,2,0
335,0,0,0,0,0,0,0,1,2,0
336,0,3,4,0,3,0,1,0,3,0
337,0,3,1,1,0,0,0,0,3,0
338,0,3,1,1,0,0,0,0,3,0
339,1,3,1,1,0,0,0,0,3,0
340,0,2,1,0,3,0,1,1,2,0
341,0,2,1,0,3,0,1,1,2,0
342,1,0,1,0,3,2,1,0,1,0
343,0,0,1,0,3,2,1,0,1,0
344,0,0,1,1,4,1,2,2,2,0
345,0,0,1,1,4,1,2,2,2,0
346,0,0,1,1,4,1,2,2,2,0
347,1,1,1,1,1,1,1,3,3,1
348,0,1,1,1,1,1,1,3,3,1
349,0,1,1,1,1,1,1,3,3,1
350,1,0,1,1,4,1,0,3,1,0
351,0,0,2,0,0,0,1,0,2,0
352,0,0,2,0,0,0,1,0,2,0
353,0,0,2,0,0,0,1,0,2,0
354,1,1,3,1,2,2,1,3,1,1
355,0,1,3,1,2,2,1,3,1,1
356,0,1,3,1,2,2,1,3,1,1
357,1,1,3,1,2,2,1,3,1,1
358,1,2,3,1,2,0,0,3,3,1
359,0,1,3,1,0,2,0,0,0,1
360,0,1,3,1,0,2,0,0,0,1
361,0,1,4,1,1,0,0,2,3,0
362,0,1,0,0,0,2,1,1,3,1
363,1,1,0,0,0,2,1,1,3,1
364,0,3,1,0,0,0,1,1,2,0
365,1,3,1,0,0,0,1,1,2,0
366,0,3,1,0,0,0,1,1,2,0
367,1,1,0,1,1,0,1,1,1,0
368,0,1,0,1,1,0,1,1,1,0
369,0,1,0,0,0,0,2,1,3,0
370,0,0,1,0,1,2,1,0,1,1
371,0,0,1,0,1,2,1,0,1,1
372,1,2,1,0,2,2,1,1,2,1
373,1,1,1,1,2,0,2,0,2,0
374,0,1,1,1,2,0,2,0,2,0
375,1,1,1,1,2,0,2,0,2,0
376,1,1,2,0,2,0,0,1,2,0
377,0,2,4,0,0,0,2,0,1,1
378,1,2,1,0,2,2,1,1,2,0
379,0,2,1,0,2,2,1,1,2,0
380,0,2,1,0,2,2,1,1,2,0
381,0,2,1,0,2,2,1,1,2,0
382,0,2,1,0,2,2,1,1,2,0
383,0,2,1,0,0,1,1,1,0,1
384,0,1,1,1,1,1,0,1,0,1
385,0,1,1,1,1,1,0,1,0,1
386,1,1,3,0,2,1,1,0,1,0
387,0,1,3,0,2,1,1,0,1,0
388,0,1,3,0,2,1,1,0,1,0
389,0,1,4,0,3,0,0,0,2,0
390,0,1,4,0,3,0,0,0,2,0
391,0,1,0,0,3,0,1,3,3,0
392,0,0,2,0,0,0,0,2,2,0
393,0,0,2,0,0,0,0,2,2,0
394,0,0,2,0,0,0,0,2,2,0
395,0,2,0,0,2,0,0,3,2,0
396,1,1,0,0,0,0,1,0,2,1
397,1,1,0,0,0,0,1,0,2,1
398,0,0,1,0,1,0,1,0,2,1
399,0,1,1,0,2,0,2,1,1,0
400,0,1,1,0,2,0,2,1,1,0
401,1,1,1,0,2,0,2,1,1,0
402,0,0,1,0,3,0,2,0,3,0
403,0,0,1,0,3,2,0,1,1,0
404,0,2,0,0,3,0,1,1,2,0
405,1,1,1,0,3,2,0,1,1,1
406,0,1,1,0,3,2,0,1,1,1
407,0,0,0,0,1,0,0,0,1,0
408,0,0,0,0,1,0,1,3,3,0
409,1,1,1,0,1,0,1,3,4,0
410,1,1,1,0,1,0,1,3,4,0
411,1,1,1,0,1,0,1,3,4,0
412,0,0,1,1,2,0,0,3,4,0
413,0,0,1,1,2,0,0,3,4,0
414,0,0,1,1,2,0,0,3,4,0
415,1,0,1,1,2,0,0,3,4,0
416,1,2,2,0,0,1,0,0,2,1
417,0,0,2,0,0,0,0,0,0,1
418,0,0,2,0,0,0,0,0,0,1
419,1,0,2,0,0,0,0,0,0,1
420,0,0,2,0,0,0,0,0,0,1
421,0,0,2,0,0,0,0,0,0,1
422,1,0,1,0,0,2,1,1,0,0
423,0,2,0,0,2,0,2,3,3,0
424,0,2,0,0,2,0,2,3,3,0
425,1,2,0,0,2,0,2,3,3,0
426,0,2,0,0,2,0,2,3,3,0
427,0,0,1,0,2,0,1,0,3,0
428,1,0,1,0,2,0,1,0,3,0
429,0,1,2,0,2,0,1,0,3,1
430,0,1,2,0,2,0,1,0,3,1
431,1,1,1,1,1,0,2,2,0,0
432,0,1,1,1,1,0,2,2,0,0
433,0,1,1,1,1,0,2,2,0,0
434,0,1,1,1,1,0,2,2,0,0
435,1,1,1,1,1,0,2,2,0,0
436,1,2,0,1,1,0,1,1,0,0
437,0,2,0,1,1,0,1,1,0,0
438,1,2,0,1,1,0,1,1,0,0
439,1,0,1,1,1,0,1,3,1,0
440,1,2,1,0,0,0,0,0,1,1
441,1,2,1,0,0,1,0,3,2,0
442,0,2,1,0,0,1,0,3,2,0
443,0,2,1,0,0,1,0,3,2,0
444,0,1,2,0,0,0,1,3,0,0
445,0,1,1,1,2,0,1,0,0,0
446,1,1,1,1,2,0,1,0,0,0
447,1,1,1,1,2,0,1,0,0,0
448,0,1,1,1,2,0,1,0,0,0
449,0,0,1,0,1,0,0,0,0,0
450,0,0,1,0,1,0,1,2,2,1
451,1,0,1,0,1,0,1,2,2,1
452,0,0,1,0,1,0,1,2,2,1
453,0,1,4,0,0,1,0,1,0,0
454,0,1,4,0,0,1,0,1,0,0
455,1,1,4,0,0,1,0,1,0,0
456,0,1,4,0,0,1,0,1,0,0
457,0,1,4,0,2,2,0,0,4,0
458,1,1,1,0,0,2,0,3,4,0
459,1,2,2,0,2,2,1,3,0,0
460,1,2,2,0,2,2,1,3,0,0
461,0,2,2,0,2,2,1,3,0,0
462,0,2,2,0,2,2,1,3,0,0
463,0,0,3,1,2,2,0,2,1,0
464,1,0,3,1,2,2,0,2,1,0
465,1,0,1,0,1,2,0,1,1,1
466,1,0,1,0,1,2,0,1,1,1
467,1,1,4,0,1,0,0,3,2,0
468,1,1,4,0,1,0,0,3,2,0
469,0,1,0,0,0,0,1,3,1,0
470,1,2,0,0,3,2,0,1,0,1
471,0,2,0,0,1,0,2,1,2,1
472,0,2,1,0,2,0,2,1,2,1
473,0,2,1,0,2,0,2,1,2,1
474,1,2,1,0,2,0,2,1,2,1
475,0,1,2,0,0,0,0,0,3,0
476,0,1,2,0,0,0,0,0,3,0
477,1,1,2,0,3,0,0,0,0,0
478,0,1,1,0,0,0,0,0,2,0
479,1,0,3,0,1,0,0,0,2,0
480,1,0,3,0,1,0,0,0,2,0
481,0,1,2,0,1,0,1,1,1,0
482,1,1,2,0,1,0,1,1,1,0
483,1,1,2,0,1,0,1,1,1,0
484,0,1,1,0,1,0,0,1,1,1
485,1,1,1,0,1,0,0,1,1,1
486,0,1,0,0,2,0,0,1,2,1
487,0,2,1,0,3,0,0,1,4,0
488,1,2,1,0,3,0,0,1,4,0
489,0,0,0,0,3,0,0,0,3,1
490,0,0,0,0,3,0,0,0,3,1
491,1,0,0,0,3,0,0,0,3,1
492,0,2,0,0,2,0,0,0,1,1
493,1,2,0,0,2,0,0,0,1,1
494,0,0,1,0,2,2,0,2,2,1
495,0,0,1,0,2,2,0,2,2,1
496,0,2,1,1,3,2,1,1,1,1
497,0,2,1,1,3,2,1,1,1,1
498,0,1,0,0,3,2,1,1,2,1
499,1,1,0,0,3,2,1,1,2,1
500,0,1,0,0,3,2,1,1,2,1
501,1,1,1,0,0,0,1,1,0,0
502,0,1,1,0,0,0,1,1,0,0
503,0,1,1,0,0,0,1,1,0,0
504,0,1,1,0,0,0,1,1,0,0
505,0,0,0,0,3,0,0,3,1,0
506,0,0,0,0,3,0,0,3,1,0
507,1,0,0,0,3,0,0,3,1,0
508,1,0,0,0,3,0,0,3,1,0
509,0,0,1,0,3,0,1,1,2,0
510,0,1,2,0,0,2,0,1,2,0
511,0,1,2,0,0,2,0,1,2,0
512,0,1,2,0,0,2,0,1,2,0
513,0,1,2,0,0,2,0,1,2,0
514,0,1,1,0,2,0,1,0,1,0
515,1,0,0,1,3,0,1,0,4,0
516,0,0,0,1,3,0,1,0,4,0
517,0,0,0,1,3,0,1,0,4,0
518,0,0,0,1,3,0,1,0,4,0
519,1,0,0,1,3,0,1,0,4,0
520,0,0,0,1,3,0,1,0,4,0
521,0,0,0,1,3,0,1,0,4,0
522,0,0,2,0,2,0,1,0,0,1
523,0,0,2,0,2,0,1,0,0,1
524,0,0,2,0,2,0,1,0,0,1
525,0,0,2,0,2,0,1,0,0,1
526,1,0,4,0,2,0,2,0,2,0
527,0,0,2,0,3,0,1,3,1,0
528,0,0,2,0,3,0,1,3,1,0
529,0,2,1,0,1,0,0,3,1,1
530,0,2,1,0,1,0,0,3,1,1
531,0,2,3,0,1,0,1,3,3,1
532,0,2,3,0,1,0,1,3,3,1
533,0,2,3,0,1,0,1,3,3,1
534,1,2,3,0,1,0,1,3,3,1
535,0,1,0,0,1,0,2,3,3,0
536,0,0,0,1,2,0,2,1,2,0
537,0,0,0,1,2,0,2,1,2,0
538,1,0,3,1,1,0,1,1,3,0
539,1,0,3,1,1,0,1,1,3,0
540,0,0,3,1,1,0,1,1,3,0
541,0,0,3,0,1,0,1,1,4,0
542,0,2,0,0,0,0,1,0,0,0
543,0,2,0,0,0,0,1,0,0,0
544,1,2,0,0,0,0,1,0,0,0
545,0,2,0,0,0,0,1,0,0,0
546,0,2,0,0,0,0,1,0,0,0
547,0,3,2,0,3,0,0,0,3,0
548,1,3,2,0,3,0,0,0,3,0
549,0,1,1,1,2,0,0,0,1,0
550,0,1,3,2,2,1,1,2,4,0
551,0,1,3,2,2,1,1,2,4,0
552,0,1,3,1,3,1,0,3,0,0
553,0,2,0,0,1,0,1,1,1,0
554,0,1,3,1,1,0,0,0,1,0
555,1,1,3,1,0,0,1,0,3,0
556,1,1,3,1,0,0,1,0,3,0
557,1,1,3,1,0,0,1,0,3,0
558,0,1,0,0,1,0,0,0,1,0
559,0,1,0,0,1,0,0,0,1,0
560,0,1,0,1,0,0,0,1,0,0
561,0,0,1,0,1,0,0,3,0,0
562,0,0,1,0,1,0,0,3,0,0
563,0,1,0,0,0,0,0,1,4,0
564,1,1,0,0,0,0,0,1,4,0
565,0,1,0,0,0,0,0,1,4,0
566,0,1,0,0,0,0,0,1,4,0
567,1,0,4,0,3,0,0,1,3,0
568,0,3,3,0,2,0,1,2,0,0
569,0,3,3,0,2,0,1,2,0,0
570,0,3,3,0,2,0,1,2,0,0
571,0,3,3,0,2,0,1,2,0,0
572,0,2,0,0,1,0,1,0,0,0
573,0,1,0,1,1,0,0,1,0,0
574,0,1,0,1,1,0,0,1,0,0
575,0,1,0,1,1,0,0,1,0,0
576,1,1,0,1,1,0,0,1,0,0
577,0,1,0,1,1,0,0,1,0,0
578,0,3,0,0,3,0,0,0,2,0
579,0,3,0,0,3,0,0,0,2,0
580,0,3,0,0,3,0,0,0,2,0
581,0,1,0,0,0,0,1,0,0,0
582,1,1,0,0,0,0,1,0,0,0
583,1,1,1,0,0,0,2,2,1,1
584,0,0,0,0,0,0,2,2,1,1
585,0,0,0,0,0,0,2,2,1,1
586,1,0,0,0,0,0,2,2,1,1
587,0,0,0,0,0,0,2,2,1,1
588,1,1,0,0,3,0,1,3,0,0
589,1,1,0,0,3,0,1,3,0,0
590,1,1,0,0,3,0,1,3,0,0
591,0,1,0,0,3,0,1,3,0,0
592,0,2,1,0,3,1,0,3,1,0
593,1,2,1,0,3,1,0,3,1,0
594,1,2,1,0,3,1,0,3,1,0
595,0,2,1,0,3,1,0,3,1,0
596,0,2,1,0,3,1,0,3,1,0
597,0,2,3,0,0,0,2,0,1,0
598,1,2,3,0,0,0,2,0,1,0
599,0,2,3,0,0,0,2,0,1,0
600,1,2,3,0,0,0,0,0,1,0
601,1,2,3,0,0,0,0,0,1,0
602,0,1,3,0,0,0,1,3,0,0
603,0,1,3,0,0,0,1,3,0,0
604,1,1,4,0,0,2,1,1,3,0
605,0,1,4,0,0,2,1,1,3,0
606,1,1,4,0,0,2,1,1,3,0
607,0,1,4,0,0,2,1,1,3,0
608,0,0,1,0,3,0,2,1,1,0
609,0,0,1,0,3,0,2,1,1,0
610,0,0,3,0,1,0,0,1,0,0
611,0,1,2,1,0,2,1,0,2,1
612,0,1,2,1,0,2,1,0,2,1
613,0,1,2,1,0,2,1,0,2,1
614,0,2,3,1,1,0,0,1,1,0
615,1,2,1,1,2,0,0,2,2,0
616,1,2,1,1,2,0,0,2,2,0
617,0,2,1,1,2,0,0,2,2,0
618,0,1,1,1,3,0,0,2,0,0
619,1,1,1,1,3,0,0,2,0,0
620,0,1,1,1,3,0,0,2,0,0
621,0,2,1,1,2,2,1,0,1,0
622,0,1,1,0,1,0,1,2,3,0
623,1,1,0,0,1,0,2,1,1,0
624,0,2,0,0,0,2,1,1,1,1
625,0,2,0,0,0,2,1,1,1,1
626,0,1,0,0,3,0,0,1,0,0
627,0,1,0,0,3,0,0,1,0,0
628,0,1,0,0,3,0,0,1,0,0
629,0,0,0,0,0,0,1,1,1,1
630,0,1,1,0,1,0,0,2,1,1
631,1,1,1,0,1,0,0,2,1,1
632,0,1,1,0,1,0,0,2,1,1
633,0,0,1,1,0,0,0,2,3,0
634,0,0,1,1,0,0,0,2,3,0
635,0,1,0,0,1,0,1,1,2,0
636,1,2,0,1,2,0,1,1,0,0
637,1,0,0,0,1,0,0,1,2,0
638,0,1,0,1,0,0,1,1,1,0
639,0,1,0,1,0,0,1,1,1,0
640,0,1,0,1,0,0,1,1,1,0
641,0,2,1,1,0,0,0,2,0,1
642,1,1,0,1,1,2,1,3,0,0
643,1,1,0,1,1,2,1,3,0,0
644,0,3,1,0,0,0,0,3,1,0
645,1,3,1,0,0,0,0,3,1,0
646,0,0,0,0,1,0,0,1,1,0
647,1,0,0,0,1,0,0,1,1,0
648,0,0,0,0,1,0,0,1,1,0
649,0,1,3,0,1,2,1,1,1,1
650,0,1,3,0,1,2,1,1,1,1
651,0,1,3,0,1,2,1,1,1,1
652,1,2,3,1,3,0,0,1,1,0
653,0,0,1,0,1,2,0,1,1,1
654,0,0,1,0,1,2,0,1,1,1
655,1,0,1,0,1,2,0,1,1,1
656,1,0,1,0,0,2,1,0,1,0
657,1,0,2,0,1,0,1,0,1,0
658,1,0,1,0,1,1,1,0,1,0
659,1,0,1,0,1,1,1,0,1,0
660,1,0,1,0,1,1,1,0,1,0
661,1,0,1,0,1,1,1,0,1,0
662,0,0,1,0,1,1,1,0,1,0
663,0,1,1,0,2,2,0,2,1,1
664,1,1,1,0,2,2,0,2,1,1
665,0,1,0,0,1,2,0,0,2,0
666,0,1,0,0,1,2,0,0,2,0
667,0,0,2,0,0,2,0,0,1,0
668,0,0,2,0,0,2,0,0,1,0
669,0,2,4,0,3,0,0,1,1,0
670,0,2,4,0,3,0,0,1,1,0
671,1,0,4,0,0,0,0,0,3,0
672,0,0,3,0,3,1,0,3,3,0
673,0,0,3,0,3,1,0,3,3,0
674,0,0,3,0,2,0,1,3,1,0
675,0,0,3,0,2,0,1,3,1,0
676,0,0,3,1,1,0,0,3,2,1
677,1,0,3,1,1,0,0,3,2,1
678,0,1,2,1,3,0,1,3,1,1
679,0,1,2,1,3,0,1,3,1,1
680,0,1,2,1,3,0,1,3,1,1
681,0,1,3,1,3,1,1,3,0,1
682,1,1,3,1,3,1,1,3,0,1
683,0,1,1,1,2,2,1,0,2,1
684,0,1,1,1,2,2,1,0,2,1
685,1,1,1,1,2,2,1,0,2,1
686,0,1,1,1,2,2,1,0,2,1
687,0,2,1,0,1,0,0,0,4,0
688,1,1,3,0,1,2,0,0,4,0
689,1,2,4,0,0,2,1,0,0,0
690,1,2,4,0,0,2,1,0,0,0
691,1,2,4,0,0,2,1,0,0,0
692,0,1,1,0,0,0,1,0,0,0
693,1,0,1,0,0,0,1,1,2,0
694,0,0,1,0,0,0,1,1,2,0
695,0,0,1,0,0,0,1,1,2,0
696,0,1,0,0,3,0,0,1,0,0
697,1,2,0,0,2,0,1,2,0,0
698,1,0,0,1,1,2,0,1,0,1
699,0,0,0,1,1,2,0,1,0,1
700,1,1,1,1,2,0,1,2,1,1
701,0,1,1,1,2,0,1,2,1,1
702,0,0,1,1,2,2,1,3,1,0
703,0,2,3,1,3,2,1,2,1,0
704,1,0,1,0,3,2,0,3,1,0
705,1,0,2,0,0,2,0,0,2,0
706,0,0,2,0,0,2,0,0,2,0
707,0,2,1,0,3,2,1,0,1,1
708,1,2,1,0,3,2,1,0,1,1
709,0,1,0,0,3,0,1,1,0,0
710,1,0,1,0,1,2,1,0,0,1
711,0,0,1,0,1,2,1,0,0,1
712,0,0,1,0,4,2,2,0,2,0
713,1,0,1,0,4,2,2,0,2,0
714,1,0,1,0,1,0,1,1,2,0
715,0,0,0,0,1,0,1,2,0,1
716,0,0,0,0,1,0,1,2,0,1
717,1,1,0,0,0,0,0,0,0,1
718,1,1,0,0,0,0,0,0,0,1
719,0,1,0,1,1,0,1,0,2,1
720,1,3,0,1,1,0,1,3,1,0
721,1,1,0,0,3,0,0,3,2,0
722,0,1,0,0,3,0,0,3,2,0
723,0,1,0,0,3,0,0,3,2,0
724,0,1,0,0,3,0,0,3,2,0
725,1,1,0,0,1,2,1,2,1,1
726,0,1,0,0,1,2,1,2,1,1
727,0,0,0,0,1,0,1,1,2,0
728,0,0,0,0,1,0,1,1,2,0
729,0,2,3,0,1,2,0,1,1,1
730,0,2,3,0,0,2,0,2,1,1
731,1,2,3,0,0,2,0,2,1,1
732,0,1,0,0,1,2,1,0,1,1
733,0,1,0,0,1,2,1,0,1,1
734,0,1,0,0,1,2,1,0,1,1
735,0,0,0,1,1,0,1,3,1,0
736,1,0,0,1,1,0,1,3,1,0
737,0,0,0,1,1,0,1,3,1,0
738,0,2,0,1,1,0,1,3,1,0
739,0,0,1,0,2,0,2,0,3,0
740,1,0,1,0,2,0,2,0,3,0
741,0,1,0,1,2,2,1,1,0,0
742,0,1,0,1,2,2,1,1,0,0
743,0,1,1,1,0,2,0,0,1,1
744,1,1,1,1,0,2,0,0,1,1
745,1,1,1,0,2,0,0,0,2,1
746,0,1,4,1,0,0,0,1,1,1
747,0,1,4,1,0,0,0,1,1,1
748,1,1,4,1,0,0,0,1,1,1
749,0,1,4,1,0,0,0,1,1,1
750,0,2,3,1,2,0,0,1,0,1
751,0,3,0,0,0,2,1,1,1,0
752,0,1,0,0,2,2,0,0,2,0
753,1,1,0,0,2,2,0,0,2,0
754,1,1,1,0,1,0,1,0,0,1
755,1,1,1,0,1,0,1,0,0,1
756,0,0,0,0,0,0,0,1,0,0
757,0,0,0,0,0,0,0,1,0,0
758,0,2,3,1,1,0,1,3,0,0
759,0,2,3,1,1,0,1,3,0,0
760,0,2,1,0,1,2,0,0,0,0
761,1,2,1,0,1,2,0,0,0,0
762,1,2,1,0,1,2,0,0,0,0
763,0,1,0,0,2,0,0,0,0,0
764,1,0,1,0,1,0,0,0,2,0
765,0,1,1,0,2,1,1,1,1,1
766,0,1,1,0,2,1,1,1,1,1
767,0,1,4,0,2,0,1,0,2,1
768,0,0,1,0,1,0,1,1,2,1
769,0,0,1,0,1,0,1,1,2,1
770,0,1,0,1,4,2,1,0,3,0
771,1,1,0,1,4,2,1,0,3,0
772,0,1,0,1,4,2,1,0,3,0
773,0,1,0,1,4,2,1,0,3,0
774,1,1,3,0,3,0,0,0,3,0
775,1,1,4,0,3,0,1,0,1,0
776,0,1,4,0,3,0,1,0,1,0
777,0,1,0,0,0,0,0,1,2,0
778,0,1,0,0,0,0,0,1,2,0
779,1,0,2,0,0,0,0,2,2,1
780,1,2,0,0,0,2,0,3,2,1
781,0,2,0,0,0,2,0,3,2,1
782,0,1,2,0,1,0,0,0,0,1
783,1,0,1,0,1,0,0,2,0,1
784,1,0,1,0,1,0,0,2,0,1
785,0,1,3,0,3,0,1,0,1,1
786,1,1,3,0,3,0,1,0,1,1
787,0,0,0,0,3,0,1,1,2,1
788,0,1,0,1,0,0,2,1,4,0
789,0,1,0,1,0,0,2,1,4,0
790,0,1,1,0,1,2,2,1,1,1
791,0,1,1,0,1,2,2,1,1,1
792,0,2,3,0,3,2,2,0,0,1
793,1,1,3,1,2,0,0,0,1,0
794,1,1,3,1,2,0,0,0,1,0
795,1,0,0,0,3,0,1,0,1,0
796,0,0,0,0,3,0,1,0,1,0
797,0,0,3,0,0,2,0,0,2,1
798,0,0,3,0,0,2,0,0,2,1
799,0,1,0,0,0,1,1,1,0,0
800,0,1,0,0,0,1,1,1,0,0
801,1,1,0,0,0,1,1,1,0,0
802,1,0,0,0,0,2,1,2,2,1
803,1,0,0,0,0,2,1,2,2,1
804,0,0,0,0,0,2,1,2,2,1
805,1,2,0,0,0,0,0,0,1,0
806,1,2,0,0,0,0,0,0,1,0
807,1,2,0,0,0,0,0,0,1,0
808,0,2,0,0,0,0,0,0,1,0
809,0,2,0,0,0,0,0,0,1,0
810,0,2,0,0,0,0,0,0,1,0
811,0,2,0,0,0,0,0,0,1,0
812,0,2,4,1,1,2,1,0,2,1
813,0,2,4,1,1,2,1,0,2,1
814,0,0,4,1,2,2,0,2,3,0
815,0,1,3,1,1,0,0,1,2,0
816,0,2,1,0,3,1,0,1,0,0
817,0,2,2,0,0,1,0,0,1,0
818,0,2,2,0,0,1,0,0,1,0
819,0,2,2,0,0,1,0,0,1,0
820,0,2,2,0,0,1,0,0,1,0
821,0,2,2,0,0,1,0,0,1,0
822,0,0,1,0,1,2,0,1,1,1
823,0,0,1,0,1,2,0,1,1,1
824,0,0,1,0,1,2,0,1,1,1
825,1,1,1,1,1,2,1,0,3,0
826,1,3,0,1,2,1,1,1,1,0
827,0,0,1,1,1,0,2,1,4,0
828,0,1,0,0,1,0,2,1,4,0
829,1,1,0,0,1,0,2,1,4,0
830,1,0,3,0,3,0,1,1,0,1
831,1,0,3,0,3,0,1,1,0,1
832,0,0,3,0,3,0,1,1,0,1
833,1,0,3,0,3,0,1,1,0,1
834,1,0,3,0,3,0,1,1,0,1
835,0,0,3,0,3,0,1,1,0,1
836,0,0,0,1,1,0,1,1,2,0
837,0,0,0,1,1,0,1,1,1,1
838,0,0,0,1,1,0,1,1,1,1
839,0,0,0,1,1,0,1,1,1,1
840,1,0,0,1,1,0,1,1,1,1
841,1,0,1,0,3,0,0,0,2,1
842,0,0,3,0,0,0,0,1,0,1
843,0,0,3,0,0,2,0,1,3,1
844,0,0,3,0,0,2,0,1,3,1
845,0,0,3,0,0,2,0,1,3,1
846,1,0,3,0,0,2,1,1,0,0
847,1,0,0,1,2,0,2,1,2,0
848,0,0,0,1,2,0,2,1,2,0
849,0,0,0,1,2,0,2,1,2,0
850,0,0,0,1,2,0,2,1,2,0
851,0,0,1,1,1,0,1,0,1,0
852,1,0,1,1,1,0,1,0,1,0
853,1,0,1,1,1,0,1,0,1,0
854,0,0,1,1,1,0,1,0,1,0
855,1,0,1,1,1,0,1,0,1,0
856,1,1,4,0,0,2,0,1,0,0
857,0,0,2,0,3,0,1,2,1,0
858,0,0,2,0,3,0,1,2,1,0
859,1,0,2,0,3,0,1,2,1,0
860,1,0,0,0,0,2,0,3,1,0
861,1,1,1,1,4,2,0,0,0,0
862,0,1,1,1,4,2,0,0,0,0
863,1,1,2,0,0,2,0,3,0,0
864,1,2,1,0,0,1,0,2,1,0
865,0,1,0,0,0,1,0,1,3,1
866,1,1,0,0,0,1,0,1,3,1
867,1,1,0,0,0,1,0,1,3,1
868,0,1,0,0,0,1,0,1,3,1
869,0,1,1,0,0,2,1,0,2,1
870,0,2,1,0,3,0,1,0,3,0
871,0,0,3,0,2,2,3,0,3,0
872,1,0,3,0,2,2,3,0,3,0
873,0,0,3,0,2,2,3,0,3,0
874,0,1,4,0,1,2,0,1,0,0
875,1,1,4,0,1,2,0,1,0,0
876,1,1,0,0,3,2,2,1,0,0
877,0,2,1,1,3,2,1,3,1,0
878,0,0,0,0,2,0,0,3,0,0
879,1,0,3,1,1,0,1,0,2,0
880,0,1,3,1,0,2,1,1,3,0
881,0,1,3,1,0,2,1,1,3,0
882,0,1,3,1,0,2,1,1,3,0
883,0,1,0,1,0,2,0,0,2,0
884,0,1,0,1,0,2,0,0,2,0
885,0,1,0,0,2,0,0,0,0,0
886,0,3,0,0,3,0,1,1,1,1
887,0,3,0,0,3,0,1,1,1,1
888,0,1,0,0,3,0,0,1,1,0
889,1,3,3,0,0,0,2,1,0,1
890,1,2,0,0,2,0,0,1,2,0
891,0,2,0,0,2,0,0,1,2,0
892,0,2,0,0,2,0,0,1,2,0
893,1,2,0,0,2,0,0,1,2,0
894,0,0,0,0,3,2,1,2,2,0
895,0,0,0,0,3,2,1,2,2,0
896,0,0,0,0,3,2,1,2,2,0
897,1,0,0,0,3,2,1,2,2,0
898,0,1,0,0,1,0,1,0,3,1
899,1,1,1,0,2,0,2,1,2,0
900,0,1,1,0,2,0,2,1,2,0
901,0,1,2,1,1,0,0,0,2,0
902,0,1,2,1,1,0,0,0,2,0
903,1,1,2,1,1,0,0,0,2,0
904,0,1,2,1,1,0,0,0,2,0
905,0,1,2,1,1,0,0,0,2,0
906,1,1,0,0,2,0,1,0,2,0
907,0,1,0,1,1,0,1,0,1,0
908,0,0,1,0,2,2,1,2,1,1
909,0,0,0,0,2,2,1,2,0,1
910,1,1,3,1,1,0,0,1,1,1
911,0,3,4,1,1,2,0,0,1,0
912,0,3,4,1,1,2,0,0,1,0
913,0,0,0,1,2,2,0,0,1,0
914,1,0,0,1,2,2,0,0,1,0
915,0,1,0,0,1,0,0,1,1,1
916,1,1,0,0,1,0,0,1,1,1
917,0,2,3,0,1,2,1,1,0,1
918,0,2,3,0,1,2,1,1,0,1
919,0,2,1,0,0,0,1,0,1,0
920,0,2,1,0,0,0,1,0,1,0
921,0,1,2,0,0,0,0,1,1,0
922,0,1,2,0,0,0,0,1,1,0
923,1,1,3,0,1,0,2,1,1,0
924,0,1,3,0,1,0,2,1,1,0
925,0,1,3,0,2,0,0,0,1,1
926,0,1,3,0,2,0,0,0,1,1
927,1,1,1,0,3,2,1,1,2,1
928,0,1,1,0,3,2,1,1,2,1
929,0,1,1,0,3,2,1,1,2,1
930,0,2,2,0,3,0,1,0,1,0
931,0,3,1,0,3,2,0,3,1,0
932,0,3,1,0,3,2,0,3,1,0
933,0,3,1,0,3,2,0,3,1,0
934,0,2,1,0,3,2,2,3,0,0
935,0,2,1,0,3,2,2,3,0,0
936,0,2,1,0,3,2,2,3,0,0
937,0,2,1,0,3,2,2,3,0,0
938,0,2,1,0,3,2,2,3,0,0
939,0,3,0,0,3,0,2,2,2,0
940,0,0,1,0,3,2,1,1,2,1
941,1,0,1,0,3,2,1,1,2,1
942,0,1,0,1,1,1,0,0,1,1
943,0,1,0,1,1,1,0,0,1,1
944,0,1,0,1,1,1,0,0,1,1
945,0,2,3,2,2,0,0,1,1,0
946,1,2,3,2,2,0,0,1,1,0
947,0,1,3,1,0,0,1,0,1,0
948,1,1,3,1,0,0,1,0,1,0
949,0,1,3,1,0,0,1,0,1,0
950,0,1,1,2,1,0,2,1,1,1
951,0,1,1,2,0,2,1,2,3,1
952,1,0,3,1,2,0,1,3,0,0
953,0,0,3,1,2,0,1,3,0,0
954,0,0,0,1,2,0,1,3,0,0
955,1,0,0,1,2,0,1,3,0,0
956,0,0,0,1,2,0,1,3,0,0
957,0,0,4,0,1,0,0,3,2,0
958,0,1,3,1,1,1,0,0,0,0
959,0,1,3,1,1,1,0,0,0,0
960,0,2,3,0,0,2,1,0,1,1
961,1,1,0,1,2,2,0,1,0,0
962,1,1,0,1,2,2,0,1,0,0
963,1,1,0,0,0,0,1,1,1,1
964,1,1,0,0,0,0,1,1,1,1
965,0,1,1,0,3,0,1,2,0,1
966,0,2,0,0,2,1,0,3,1,1
967,0,2,0,0,2,1,0,3,3,0
968,1,2,0,0,2,1,0,3,3,0
969,1,1,0,0,2,0,0,1,3,0
970,1,2,0,0,1,0,0,1,3,0
971,0,2,0,0,1,0,0,1,3,0
972,1,2,0,0,1,0,0,1,3,0
973,0,0,3,0,3,2,0,3,4,0
974,1,2,2,0,3,2,0,1,4,0
975,1,2,2,0,3,2,0,1,4,0
976,1,2,2,0,3,2,0,1,4,0
977,1,2,2,0,3,2,0,1,4,0
978,0,2,2,0,3,2,0,1,4,0
979,1,1,0,0,0,2,1,0,1,0
980,0,1,4,0,3,1,1,0,2,0
981,1,1,1,1,3,1,0,0,1,0
982,1,2,1,1,3,2,1,0,1,0
983,0,1,0,0,3,2,0,1,4,0
984,0,1,2,0,2,0,1,0,2,0
985,0,1,2,0,2,0,1,0,2,0
986,0,0,1,0,1,2,0,0,1,0
987,0,1,1,0,0,0,1,1,1,1
988,1,1,0,1,1,2,1,1,0,0
989,0,1,0,1,1,0,1,0,1,0
990,0,1,0,1,1,0,1,0,1,0
991,0,1,0,1,2,0,0,1,3,0
992,0,1,0,0,2,0,0,1,4,0
993,1,1,0,0,2,0,0,1,4,0
994,1,1,0,0,2,0,0,1,4,0
995,0,1,0,0,3,0,0,1,2,0
996,0,1,0,0,3,0,0,1,2,0
997,0,2,1,0,0,0,1,0,1,0
998,0,2,1,0,0,0,1,0,1,0
999,0,2,1,0,0,0,1,0,1,0
1000,0,1,1,0,0,0,1,0,3,0
1001,1,1,1,0,0,0,1,0,3,0
1002,0,1,1,0,0,0,1,0,3,0
1003,1,2,1,0,1,2,1,0,1,1
1004,1,2,1,0,1,2,1,0,1,1
1005,0,3,0,0,2,1,1,0,1,1
1006,1,3,0,0,2,1,1,0,1,1
1007,1,3,0,1,2,2,2,0,1,1
1008,1,3,0,1,2,2,2,0,1,1
1009,0,3,0,1,2,2,2,0,1,1
1010,0,3,4,1,3,2,1,0,0,1
1011,0,3,1,0,1,0,1,0,1,1
1012,0,3,1,0,1,0,1,0,1,1
1013,0,3,1,0,1,0,1,0,1,1
1014,0,2,4,1,1,0,0,1,2,0
1015,1,2,3,1,1,0,0,3,2,0
1016,1,1,1,0,0,0,1,3,1,0
1017,1,1,1,0,0,0,1,3,1,0
1018,1,1,1,0,0,0,1,3,1,0
1019,0,2,1,0,0,2,1,0,1,1
1020,0,2,1,0,0,2,1,0,1,1
1021,0,2,0,0,1,2,1,0,2,0
1022,1,2,0,0,1,2,1,0,2,0
1023,1,0,0,0,2,0,2,3,3,1
1024,0,0,0,0,2,0,2,3,3,1
1025,0,1,1,0,2,0,1,3,0,0
1026,0,1,1,0,2,0,1,1,0,0
1027,1,2,3,1,3,2,1,1,0,0
1028,0,2,3,1,3,2,1,1,0,0
1029,1,2,3,1,3,2,1,1,0,0
1030,1,2,3,1,3,2,1,1,0,0
1031,1,2,3,1,3,2,1,1,0,0
1032,0,0,1,0,3,0,1,2,1,0
1033,1,0,1,0,3,0,1,2,1,0
1034,0,1,1,1,4,2,0,3,3,0
1035,1,1,1,1,4,2,0,3,3,0
1036,0,1,3,1,3,2,0,0,2,0
1037,0,1,3,1,3,2,0,0,2,0
1038,0,2,4,0,2,0,0,3,0,0
1039,0,2,4,0,2,0,0,3,0,0
1040,1,1,0,0,0,0,1,0,0,0
1041,0,0,1,1,1,0,0,3,2,0
1042,1,0,1,1,1,0,0,3,2,0
1043,0,1,1,1,1,0,2,1,3,0
1044,0,1,1,1,1,0,2,1,3,0
1045,0,1,1,1,2,0,1,1,3,0
1046,0,1,1,1,2,0,1,1,3,0
1047,0,1,1,1,2,0,0,0,1,0
1048,0,1,1,1,2,0,0,0,1,0
1049,0,1,1,0,1,0,1,0,0,0
1050,0,3,2,0,2,2,0,0,3,1
1051,0,1,2,0,2,2,1,1,0,1
1052,0,1,2,0,2,2,1,1,0,1
1053,0,1,0,1,2,0,0,1,2,0
1054,0,1,0,1,2,0,0,1,2,0
1055,0,1,0,1,2,0,0,1,2,0
1056,1,1,0,1,2,0,0,1,2,0
1057,0,1,0,1,2,0,0,1,2,0
1058,0,2,3,0,1,0,0,0,4,0
1059,0,1,1,0,1,0,1,0,4,0
1060,0,2,0,0,0,2,2,1,4,0
1061,0,2,0,0,0,2,2,1,4,0
1062,0,1,2,0,3,2,1,0,1,0
1063,1,1,2,0,3,2,1,0,1,0
1064,1,1,2,0,3,2,1,0,1,0
1065,0,2,2,0,0,0,1,2,3,1
1066,1,2,4,1,1,2,1,0,0,1
1067,0,2,4,1,1,2,1,0,0,1
1068,0,0,4,1,2,0,0,0,1,0
1069,0,1,3,0,0,0,0,1,1,1
1070,0,1,3,0,0,0,0,1,1,1
1071,0,0,1,0,1,0,0,0,2,0
1072,1,0,1,0,2,0,0,1,3,0
1073,1,0,1,0,2,0,0,1,3,0
1074,1,0,0,0,0,0,0,0,3,0
1075,0,0,0,0,3,0,0,1,1,0
1076,0,0,0,0,3,0,0,1,1,0
1077,1,0,0,0,1,0,0,1,3,0
1078,0,2,0,0,2,0,0,1,1,0
1079,1,2,0,0,2,0,0,1,1,0
1080,0,1,0,0,3,0,2,2,0,0
1081,1,1,0,0,3,0,2,2,0,0
1082,0,1,0,0,3,0,2,2,0,0
1083,0,1,0,0,3,0,2,2,0,0
1084,1,2,1,0,0,0,0,1,1,1
1085,1,2,1,0,0,0,0,1,1,1
1086,0,1,1,0,1,0,1,1,1,1
1087,0,1,1,0,1,0,1,1,1,1
1088,0,2,1,0,2,0,0,0,1,1
1089,0,1,1,1,3,2,1,1,0,0
1090,1,1,1,1,3,2,1,1,0,0
1091,0,0,0,0,1,1,1,1,2,0
1092,0,0,0,0,1,1,1,1,2,0
1093,0,1,3,0,2,0,0,1,0,0
1094,1,1,3,0,2,0,0,1,0,0
1095,1,1,3,0,2,0,0,1,0,0
1096,0,1,3,0,2,0,0,1,0,0
1097,0,2,2,0,2,0,1,1,1,0
1098,0,2,2,0,2,0,1,1,1,0
1099,0,2,2,0,2,0,1,1,1,0
1100,0,0,1,0,1,0,1,0,1,0
1101,1,1,2,1,1,0,1,1,3,0
1102,0,1,1,1,2,0,1,0,4,0
1103,1,0,1,0,3,0,2,0,0,0
1104,1,0,1,0,3,0,2,0,0,0
1105,1,0,1,0,3,0,2,0,0,0
1106,0,0,1,0,4,2,1,3,2,0
1107,0,0,1,0,4,2,1,3,2,0
1108,1,2,4,0,1,0,0,3,1,0
1109,0,2,4,0,1,0,0,3,1,0
1110,0,0,3,0,2,2,1,0,2,0
1111,1,2,0,0,2,0,1,0,1,0
1112,1,1,3,0,0,0,1,0,3,0
1113,0,1,3,0,0,0,1,0,3,0
1114,0,1,3,0,0,0,1,0,3,0
1115,0,1,3,0,0,0,1,0,3,0
1116,0,1,3,0,0,0,1,0,3,0
1117,0,0,0,0,1,0,1,2,3,1
1118,0,0,0,0,1,0,1,2,3,1
1119,1,2,2,0,0,0,1,0,1,0
1120,0,2,2,0,0,0,1,0,1,0
1121,0,2,2,0,0,0,1,0,1,0
1122,0,1,1,1,2,2,1,0,2,1
1123,1,0,2,0,0,0,0,0,0,0
1124,0,1,1,1,2,2,1,1,1,1
1125,0,1,1,1,2,2,1,1,1,1
1126,0,1,1,1,2,2,1,1,1,1
1127,0,1,3,1,1,1,1,0,2,1
1128,1,1,3,0,3,0,1,0,1,0
1129,0,1,3,1,1,0,0,0,3,0
1130,0,0,0,1,1,0,1,0,2,1
1131,0,0,0,1,1,0,1,0,2,1
1132,0,0,0,1,1,0,1,0,2,1
1133,1,0,0,1,1,0,1,0,2,1
1134,0,0,1,0,1,0,0,2,0,1
1135,1,0,1,0,1,0,0,2,0,1
1136,0,2,3,0,1,0,0,2,0,1
1137,1,0,2,0,3,0,0,2,2,0
1138,0,2,2,0,0,0,1,0,2,0
1139,0,2,2,0,0,0,1,0,2,0
1140,0,2,2,0,0,0,1,0,2,0
1141,0,1,0,1,1,2,0,0,1,0
1142,1,1,0,1,1,2,0,0,1,0
1143,0,1,0,1,1,2,0,0,1,0
1144,0,1,0,1,1,2,0,0,1,0
1145,0,0,0,0,2,1,0,1,3,1
1146,0,0,0,0,2,1,0,1,3,1
1147,0,1,1,0,2,1,1,0,3,1
1148,0,1,1,0,2,1,1,0,3,1
1149,1,3,0,1,1,0,0,0,1,1
1150,0,2,3,1,1,2,1,0,1,1
1151,0,0,3,1,1,2,0,1,2,1
1152,0,0,3,1,1,2,0,1,2,1
1153,0,0,3,1,1,2,0,1,2,1
1154,0,0,3,0,0,2,0,1,2,1
1155,0,0,3,0,0,2,0,1,2,1
1156,1,3,3,0,0,2,0,0,1,1
1157,1,3,3,0,0,2,0,0,1,1
1158,0,3,3,0,0,2,0,0,1,1
1159,1,3,3,0,0,0,0,2,1,1
1160,0,3,3,0,0,0,0,2,1,1
1161,0,0,0,0,3,0,0,1,0,1
1162,1,2,1,0,0,0,0,1,1,1
1163,1,2,1,0,0,0,0,1,1,1
1164,0,2,1,0,0,0,0,1,1,1
1165,0,0,0,0,0,0,0,1,0,1
1166,1,1,0,0,0,0,0,1,2,1
1167,0,0,1,0,2,0,0,2,3,1
1168,0,0,1,0,2,0,0,2,3,1
1169,0,0,1,0,2,0,0,2,3,1
1170,0,0,1,0,1,2,1,1,0,1
1171,0,1,1,0,2,0,2,0,1,1
1172,0,1,1,0,2,0,2,0,1,1
1173,0,1,4,0,0,0,1,1,2,0
1174,0,1,4,0,0,0,1,1,2,0
1175,0,1,4,0,0,0,1,1,2,0
1176,0,0,3,1,1,0,1,0,0,0
1177,0,0,3,1,1,0,1,0,0,0
1178,0,1,2,1,1,0,1,1,2,0
1179,0,1,2,1,1,0,1,1,2,0
1180,0,1,2,1,1,0,1,1,2,0
1181,0,1,2,1,1,0,1,1,2,0
1182,0,2,1,0,1,0,1,0,4,1
1183,0,2,1,0,1,0,1,0,4,1
1184,0,1,2,0,0,2,0,2,1,0
1185,0,1,1,0,1,0,0,2,4,0
1186,0,1,1,0,1,0,0,2,4,0
1187,0,1,1,0,1,0,0,2,4,0
1188,1,1,1,0,1,0,0,2,4,0
1189,0,1,1,0,0,0,1,3,4,0
1190,0,0,1,0,3,0,2,1,3,0
1191,0,0,1,0,3,0,2,1,3,0
1192,0,0,1,0,3,0,2,1,3,0
1193,0,1,0,0,2,2,1,0,2,1
1194,0,1,0,0,0,0,1,0,1,0
1195,0,1,0,0,0,0,1,0,1,0
1196,0,3,0,0,1,2,1,1,1,1
1197,0,0,3,0,2,0,1,0,3,0
1198,1,0,0,0,3,0,0,0,3,0
1199,0,0,0,0,3,0,0,0,3,0
1200,0,1,2,0,0,0,0,1,3,0
1201,0,1,2,0,0,0,0,1,3,0
1202,0,2,3,0,2,0,1,3,3,0
1203,1,0,1,0,1,0,0,3,1,0
1204,0,0,1,0,1,0,0,3,1,0
1205,0,1,0,1,2,1,0,3,0,0
1206,0,1,0,1,2,1,0,3,0,0
1207,1,0,1,0,0,1,0,1,3,0
1208,0,1,3,1,0,0,2,0,3,1
1209,0,1,3,1,0,0,2,0,3,1
1210,0,3,3,0,3,2,1,1,4,1
1211,1,3,3,0,3,2,0,1,4,1
1212,1,3,3,0,3,2,0,1,4,1
1213,0,3,3,0,3,2,0,1,4,1
1214,1,0,3,0,1,2,1,1,1,1
1215,0,0,3,0,1,2,1,1,1,1
1216,0,0,3,0,2,1,0,0,2,0
1217,0,0,3,0,2,1,0,0,2,0
1218,1,1,3,0,3,1,1,0,1,0
1219,0,1,0,0,0,1,1,1,1,1
1220,0,0,1,0,1,0,0,1,0,0
1221,0,2,0,0,3,0,0,1,0,1
1222,1,1,0,1,0,2,0,1,3,0
1223,0,0,3,1,0,2,0,2,2,0
1224,0,1,0,0,2,0,1,2,1,0
1225,0,1,0,0,2,0,1,2,1,0
1226,1,0,4,0,2,0,1,1,1,0
1227,0,0,4,0,2,0,1,1,1,0
1228,0,2,1,0,1,0,1,1,1,0
1229,0,2,1,0,1,0,1,1,1,0
1230,1,2,1,0,1,0,1,1,1,0
1231,0,0,1,0,0,0,1,0,0,0
1232,1,0,1,0,0,0,1,0,0,0
1233,1,0,1,0,0,0,1,0,0,0
1234,0,1,0,1,1,0,1,0,2,0
1235,1,2,1,0,3,0,1,0,3,0
1236,1,2,1,0,3,0,1,0,3,0
1237,1,2,0,1,1,1,0,1,3,1
1238,0,2,0,1,1,1,0,1,3,1
1239,0,2,0,1,1,1,0,1,3,1
1240,0,2,3,0,2,0,0,2,1,1
1241,0,0,0,0,1,2,2,1,2,1
1242,0,0,0,0,1,2,2,1,2,1
1243,1,0,1,1,2,2,1,0,1,1
1244,0,0,1,1,2,2,1,0,1,1
1245,0,0,1,1,2,2,1,0,1,1
1246,0,1,0,0,0,2,1,1,1,1
1247,0,1,0,0,0,2,1,1,1,1
1248,0,1,0,0,0,2,1,1,1,1
1249,0,1,3,1,2,0,0,2,2,0
1250,0,0,0,0,1,0,1,1,1,0
1251,0,0,0,0,1,0,1,1,1,0
1252,0,2,0,0,1,0,1,1,1,0
1253,0,2,0,0,1,0,1,1,1,0
1254,0,1,0,1,1,0,0,2,1,0
1255,1,2,1,1,1,0,1,0,0,0
1256,1,0,1,0,3,0,0,0,1,0
1257,1,0,1,0,3,0,0,0,1,0
1258,1,1,3,0,0,0,1,0,2,0
1259,1,1,3,0,0,0,1,0,2,0
1260,1,1,3,0,0,0,1,0,2,0
1261,0,1,3,0,0,0,1,0,2,0
1262,1,1,0,0,2,0,1,1,2,0
1263,1,1,3,0,0,0,1,1,1,1
1264,1,1,3,0,0,0,1,1,1,1
1265,0,1,3,0,0,0,1,1,1,1
1266,0,2,3,0,2,0,0,2,3,1
1267,0,0,1,0,3,0,0,1,2,1
1268,0,3,2,0,3,0,1,0,2,1
1269,0,3,2,0,3,0,1,0,2,1
1270,1,3,1,0,3,0,0,1,1,1
1271,0,0,1,1,3,0,1,2,2,1
1272,0,0,1,1,3,0,1,2,2,1
1273,0,1,1,1,3,0,2,3,3,0
1274,1,1,1,1,3,0,2,3,3,0
1275,1,1,1,1,3,0,2,3,3,0
1276,1,2,1,0,0,0,0,2,1,0
1277,1,2,1,0,0,0,0,2,1,0
1278,1,2,1,0,0,0,0,2,1,0
1279,0,0,0,1,2,0,0,0,1,0
1280,0,1,2,0,0,0,0,1,0,0
1281,0,1,0,1,2,2,0,3,2,0
1282,1,1,0,1,2,2,0,3,2,0
1283,0,0,1,0,4,2,0,2,0,1
1284,0,0,1,0,3,2,0,1,0,1
1285,1,0,1,0,0,0,0,3,2,0
1286,0,0,1,0,0,0,0,3,2,0
1287,1,2,0,0,3,1,0,2,4,0
1288,1,1,0,0,2,2,2,2,3,0
1289,0,1,0,0,2,2,2,2,3,0
1290,0,2,0,1,1,0,3,1,0,0
1291,0,0,1,1,1,0,2,0,2,1
1292,0,2,0,1,2,0,0,3,0,0
1293,0,2,0,1,2,0,0,3,0,0
1294,0,2,0,1,2,0,0,3,0,0
1295,1,2,1,0,0,1,1,3,1,0
1296,0,2,1,0,0,1,1,3,1,0
1297,1,1,4,0,3,1,0,0,2,0
1298,0,1,4,0,3,1,0,0,2,0
1299,0,1,4,0,3,1,0,0,2,0
1300,0,2,0,0,3,2,0,3,3,0
1301,0,2,3,0,1,0,1,3,1,1
1302,0,2,3,0,1,0,1,3,1,1
1303,1,0,1,0,3,2,0,1,0,1
1304,1,2,1,1,2,0,1,1,2,1
1305,1,2,1,1,2,0,1,1,2,1
1306,0,2,1,1,2,0,1,1,2,1
1307,0,2,1,1,2,0,1,1,2,1
1308,0,0,1,1,0,2,0,1,1,0
1309,1,1,0,1,3,2,0,2,3,1
1310,0,1,0,1,3,2,0,2,3,1
1311,1,1,1,0,0,2,0,1,2,1
1312,0,1,1,0,0,2,0,1,2,1
1313,1,1,1,0,0,2,0,1,2,1
1314,0,2,3,0,3,0,1,3,0,0
1315,0,2,3,0,3,0,1,3,0,0
1316,0,2,3,0,3,0,1,3,0,0
1317,1,1,0,0,3,0,1,1,1,1
1318,0,1,0,0,3,0,1,1,1,1
1319,0,1,0,0,3,0,1,1,1,1
1320,1,0,0,0,0,2,2,1,1,0
1321,0,0,0,0,0,2,2,1,1,0
1322,0,3,0,0,3,2,2,1,1,0
1323,0,3,0,0,3,2,2,1,1,0
1324,0,2,1,1,2,2,0,1,0,0
1325,0,0,1,1,2,0,1,2,0,0
1326,1,0,1,1,2,0,1,2,0,0
1327,0,0,1,1,2,0,1,2,0,0
1328,0,2,1,0,0,0,0,3,1,0
1329,1,2,1,0,0,0,0,3,1,0
1330,0,0,1,0,3,1,0,0,0,0
1331,1,0,1,0,3,1,0,0,0,0
1332,1,2,1,0,3,0,0,1,4,0
1333,0,2,0,0,0,0,0,1,1,0
1334,1,2,0,0,0,0,0,1,1,0
1335,0,1,0,0,3,0,0,0,2,0
1336,1,1,1,1,2,0,0,3,2,0
1337,1,1,1,1,2,0,0,3,2,0
1338,0,1,0,1,1,2,1,0,1,1
1339,0,1,3,1,0,2,2,0,0,1
1340,1,1,1,0,1,0,1,0,2,1
1341,1,1,1,0,1,0,1,0,2,1
1342,0,1,2,0,0,2,1,1,1,0
1343,0,0,4,0,1,2,1,1,2,0
1344,0,0,4,0,1,2,1,1,2,0
1345,1,1,1,1,2,0,1,0,1,0
1346,1,1,1,1,2,0,1,0,1,0
1347,0,2,1,0,2,0,1,1,0,1
1348,1,2,2,0,2,0,0,1,1,1
1349,1,2,2,0,2,0,0,0,4,1
1350,1,2,2,0,2,0,0,0,4,1
1351,1,2,0,0,3,0,1,1,2,1
1352,1,2,0,0,3,0,1,1,2,1
1353,1,2,1,0,3,2,0,0,2,0
1354,1,2,1,0,3,2,0,0,2,0
1355,0,2,1,0,1,0,1,0,1,1
1356,0,2,1,0,1,0,1,0,1,1
1357,0,1,0,0,2,2,0,0,0,0
1358,0,1,0,0,2,2,0,0,0,0
1359,1,1,0,1,0,2,1,1,3,1
1360,1,2,0,1,1,0,1,1,2,1
1361,0,1,3,0,2,0,0,1,1,1
1362,0,1,0,0,1,0,0,3,2,0
1363,0,1,0,0,1,0,0,3,2,0
1364,1,1,4,0,2,0,1,0,2,0
1365,1,1,1,0,0,2,1,1,1,1
1366,0,1,1,0,0,2,1,1,1,1
1367,1,3,0,0,0,2,0,1,1,0
1368,0,3,0,0,0,2,0,1,1,0
1369,1,3,0,0,0,2,0,1,1,0
1370,0,3,0,0,0,2,0,1,1,0
1371,0,0,1,1,2,1,1,0,1,0
1372,0,0,1,1,2,1,1,0,1,0
1373,1,1,2,1,2,1,0,0,1,0
1374,0,0,1,0,2,0,0,0,3,0
1375,0,0,1,0,2,0,0,0,3,0
1376,0,0,1,0,2,0,0,0,3,0
1377,1,0,0,0,1,0,1,1,3,0
1378,0,0,0,0,1,0,1,1,3,0
1379,0,2,0,0,0,0,0,0,1,0
1380,0,2,0,0,0,0,1,2,1,1
1381,0,2,1,0,0,0,1,3,2,1
1382,0,1,1,1,1,2,0,2,1,0
1383,0,0,2,1,1,2,1,0,3,1
1384,1,0,2,1,1,2,1,0,3,1
1385,0,2,1,0,0,0,1,0,3,1
1386,1,2,1,0,0,0,1,0,3,1
1387,0,0,1,0,3,1,0,1,0,0
1388,0,2,0,0,3,1,1,0,3,1
1389,1,2,0,0,3,1,1,0,3,1
1390,0,1,0,0,0,0,2,1,3,1
1391,1,0,1,0,0,0,2,1,4,0
1392,0,2,1,0,1,0,0,1,2,1
1393,1,2,1,0,1,0,0,1,2,1
1394,0,2,1,0,1,0,0,1,2,1
1395,0,1,0,0,2,2,0,0,2,0
1396,1,0,1,0,3,2,0,1,3,0
1397,1,0,1,0,3,2,0,1,3,0
1398,0,1,3,0,3,2,0,3,3,0
1399,0,1,3,0,3,2,0,3,3,0
1400,0,1,3,0,3,2,0,2,2,1
1401,0,1,3,0,3,2,0,2,2,1
1402,0,0,0,1,1,2,0,1,1,1
1403,1,0,0,1,1,2,0,1,1,1
1404,0,0,0,1,2,0,0,2,0,0
1405,0,0,0,1,2,0,0,2,0,0
1406,0,0,0,1,2,0,0,2,0,0
1407,1,2,3,1,1,0,0,1,2,0
1408,1,2,3,1,1,0,0,1,2,0
1409,0,2,3,1,1,0,0,1,2,0
1410,0,1,2,0,0,0,1,1,4,0
1411,1,2,1,0,0,0,1,3,0,0
1412,0,2,1,0,0,0,1,3,0,0
1413,1,0,0,0,3,0,0,0,1,0
1414,1,1,0,1,2,2,1,2,2,1
1415,1,1,0,1,2,2,1,2,2,1
1416,1,1,0,1,2,2,1,2,2,1
1417,0,0,0,0,0,0,1,0,3,0
1418,0,0,0,0,0,0,1,0,3,0
1419,1,0,2,0,1,0,0,0,3,0
1420,1,1,3,0,1,0,0,0,4,0
1421,0,1,3,0,1,0,0,0,4,0
1422,1,1,1,0,3,0,1,1,1,0
1423,0,2,0,0,0,0,2,3,2,0
1424,0,2,1,0,0,0,0,0,3,0
1425,0,2,1,0,0,0,0,0,3,0
1426,0,2,2,0,3,0,0,3,1,0
1427,0,3,3,0,0,0,1,0,3,0
1428,1,2,3,0,0,0,0,1,0,0
1429,0,1,3,0,3,0,0,0,0,0
1430,0,1,4,0,1,1,1,0,1,1
1431,0,0,1,1,1,3,1,1,2,0
1432,0,0,1,1,1,3,1,1,2,0
1433,1,3,3,0,0,2,0,1,3,0
1434,0,2,2,0,1,0,0,0,1,0
1435,0,2,2,0,1,0,0,0,1,0
1436,0,0,1,0,2,0,1,0,1,1
1437,0,0,1,0,2,0,1,0,1,1
1438,1,0,0,0,0,0,1,0,3,1
1439,0,0,0,0,0,0,1,0,3,1
1440,0,1,0,0,2,0,1,1,2,1
1441,0,1,0,0,2,0,1,1,2,1
1442,0,1,0,0,2,0,1,1,2,1
1443,0,1,0,0,2,0,1,1,2,1
1444,1,1,0,0,0,1,1,2,0,0
1445,1,1,0,0,0,1,1,2,0,0
1446,0,2,1,0,3,3,1,0,4,0
1447,0,2,1,0,3,3,1,0,4,0
1448,0,0,1,0,1,0,1,1,3,0
1449,1,0,1,1,1,2,1,0,0,1
1450,1,0,3,0,0,0,0,1,1,0
1451,0,2,3,0,3,0,0,2,1,1
1452,0,1,1,0,3,0,0,1,0,1
1453,0,1,1,0,3,0,0,1,0,1
1454,0,1,1,0,3,0,0,1,0,1
1455,1,0,3,1,1,0,0,1,1,1
1456,0,3,0,0,3,0,1,2,1,0
1457,1,3,0,0,3,0,1,2,1,0
1458,0,1,0,0,3,2,0,2,0,0
1459,0,1,0,0,3,2,0,2,0,0
1460,0,2,1,0,2,2,1,0,2,0
1461,0,2,1,0,2,2,1,0,2,0
1462,0,2,1,0,2,2,1,0,2,0
1463,0,2,1,1,2,2,0,0,0,0
1464,1,2,1,1,2,2,0,0,0,0
1465,1,1,1,1,0,2,0,1,0,0
1466,0,2,0,0,0,0,0,0,4,1
1467,1,2,0,0,0,0,0,0,4,1
1468,0,1,3,0,0,0,0,0,2,1
1469,0,1,3,0,0,0,0,0,0,0
1470,1,0,4,0,3,0,1,1,2,0
1471,0,0,4,0,3,0,1,1,2,0
1472,1,0,4,0,3,0,1,1,2,0
1473,0,1,3,0,1,0,0,0,1,1
1474,0,1,3,0,1,0,0,0,1,1
1475,0,1,3,0,1,0,0,0,1,1
1476,1,2,1,0,2,2,0,1,1,1
1477,0,2,1,0,2,2,0,1,1,1
1478,0,2,1,0,2,2,0,1,1,1
1479,0,3,2,0,1,0,1,0,3,0
1480,0,3,2,0,1,0,1,0,3,0
1481,0,2,1,0,1,0,0,1,2,0
1482,1,1,1,0,3,0,1,1,0,0
1483,1,1,1,0,3,0,1,1,0,0
1484,1,1,1,0,2,0,1,2,2,0
1485,0,1,1,0,1,0,2,1,1,0
1486,1,1,1,0,1,0,1,0,1,1
1487,1,1,1,0,1,0,1,0,1,1
1488,1,1,1,0,1,0,1,0,1,1
1489,0,1,1,0,1,0,1,1,3,0
1490,0,1,1,0,1,0,1,1,3,0
1491,0,1,1,0,1,0,1,1,3,0
1492,0,1,1,0,1,0,1,1,3,0
1493,0,1,3,0,2,0,1,0,2,0
1494,0,1,1,0,0,2,1,2,0,1
1495,0,1,1,0,0,2,1,2,0,1
1496,0,0,0,0,3,2,1,0,0,0
1497,0,0,0,0,3,2,1,0,0,0
1498,1,2,1,0,2,0,1,1,2,0
1499,1,3,1,0,1,1,1,1,2,0
1500,0,3,1,0,1,1,1,1,2,0
1501,0,3,1,0,1,1,1,1,2,0
1502,0,1,2,0,3,1,0,1,3,1
1503,0,2,2,0,1,1,0,1,1,0
1504,1,0,3,0,3,0,1,1,0,0
1505,1,1,3,0,1,0,0,3,2,0
1506,0,0,0,0,0,0,0,0,0,0
1507,0,0,0,0,0,0,0,0,0,0
1508,1,0,0,0,0,0,0,0,0,0
1509,0,2,0,1,2,0,0,0,1,0
1510,0,3,1,1,0,0,0,1,1,0
1511,1,3,1,1,0,0,0,1,1,0
1512,0,3,1,1,0,0,0,1,1,0
1513,0,1,3,1,1,0,1,0,1,0
1514,0,1,3,1,1,0,1,0,1,0
1515,1,0,4,0,1,0,0,1,2,0
1516,1,0,4,0,1,0,0,1,2,0
1517,0,1,1,0,0,0,1,1,3,1
1518,1,2,0,0,0,0,0,2,0,1
1519,0,0,0,0,2,0,1,2,3,1
1520,0,0,0,0,2,0,1,2,3,1
1521,1,1,0,0,1,0,1,1,2,0
1522,0,0,0,0,1,2,0,0,1,0
1523,1,1,3,0,2,0,1,3,1,0
1524,1,1,3,0,2,0,1,3,1,0
1525,0,1,3,0,2,0,1,3,1,0
1526,1,2,3,0,3,1,1,0,2,0
1527,1,2,0,1,0,0,0,2,0,0
1528,1,2,0,1,0,0,0,2,0,0
1529,0,1,0,0,3,0,1,0,3,0
1530,1,1,0,0,3,0,1,0,3,0
1531,0,1,0,0,3,0,1,0,3,0
1532,0,2,1,0,0,1,2,3,1,0
1533,1,2,3,0,3,1,1,3,1,0
1534,0,2,3,0,3,1,1,3,1,0
1535,1,2,1,0,3,1,1,3,0,1
1536,1,2,1,0,3,1,1,3,0,1
1537,1,1,1,1,2,0,1,1,1,1
1538,0,1,1,1,1,0,0,1,2,0
1539,0,1,1,1,1,0,0,1,2,0
1540,0,2,3,1,1,0,2,1,4,0
1541,0,0,0,1,0,0,0,3,2,0
1542,0,0,0,1,0,0,0,3,2,0
1543,0,0,0,1,0,0,0,3,2,0
1544,0,1,3,0,1,0,0,0,4,0
1545,1,0,3,0,1,0,1,0,4,0
1546,0,3,0,1,0,0,0,3,4,0
1547,0,1,1,0,2,0,1,3,1,0
1548,0,1,0,0,1,0,0,0,3,0
1549,1,1,0,0,1,0,0,0,3,0
1550,0,1,0,0,1,0,0,0,3,0
1551,1,1,0,0,1,0,0,0,3,0
1552,0,2,1,0,0,0,1,0,2,0
1553,0,2,1,0,0,0,1,0,2,0
1554,1,2,1,0,0,0,1,0,2,0
1555,0,2,1,0,1,0,1,0,1,1
1556,0,2,1,0,1,0,1,0,1,1
1557,0,2,3,0,0,0,0,1,2,0
1558,0,2,3,0,0,0,0,1,2,0
1559,0,2,3,0,0,0,0,1,2,0
1560,0,2,3,0,0,0,0,1,2,0
1561,0,0,3,0,2,0,1,2,0,0
1562,0,1,0,0,1,2,2,2,2,1
1563,0,1,0,0,1,2,2,2,2,1
1564,0,1,0,0,1,2,2,2,2,1
1565,0,2,3,0,3,2,2,1,1,1
1566,0,0,3,1,2,2,1,1,0,0
1567,0,0,3,1,2,2,1,1,0,0
1568,1,1,0,1,1,2,0,0,2,0
1569,0,1,0,1,1,2,0,0,2,0
1570,0,2,3,1,4,0,0,1,2,0
1571,1,3,3,1,4,0,0,3,2,0
1572,0,3,3,1,4,0,0,3,2,0
1573,0,3,3,1,4,0,0,3,2,0
1574,0,1,3,2,4,0,1,1,0,0
1575,0,2,3,1,3,0,1,1,2,0
1576,0,2,3,0,3,0,2,1,2,0
1577,1,2,3,0,3,0,2,1,2,0
1578,0,2,3,0,3,0,2,1,2,0
1579,1,2,3,0,3,0,2,1,2,0
1580,0,2,3,0,3,0,1,1,4,0
1581,0,0,1,0,1,0,1,1,3,0
1582,0,0,1,0,1,0,1,1,3,0
1583,0,0,3,0,1,0,1,1,1,0
1584,0,2,0,0,0,0,1,1,0,0
1585,0,2,0,0,0,0,1,1,0,0
1586,1,0,4,1,1,2,1,0,1,1
1587,0,1,2,1,0,2,1,0,2,1
1588,0,1,2,1,0,2,1,0,2,1
1589,0,1,4,1,0,2,0,1,1,0
1590,1,1,4,1,0,2,0,1,1,0
1591,0,1,1,0,0,0,1,1,3,1
1592,0,1,1,0,0,0,1,1,3,1
1593,0,1,1,0,0,0,1,1,3,1
1594,0,1,1,0,0,0,1,1,3,1
1595,1,0,1,0,2,0,1,0,4,0
1596,0,2,0,0,0,0,1,1,1,0
1597,1,2,0,0,2,0,0,2,1,1
1598,0,2,0,0,2,0,0,2,1,1
1599,0,2,3,0,2,2,0,2,1,0
1600,0,2,3,0,2,2,0,2,1,0
1601,1,3,0,1,2,0,0,2,1,0
1602,1,3,0,1,2,0,0,2,1,0
1603,0,3,0,1,2,0,0,2,1,0
1604,0,3,0,1,2,0,0,2,1,0
1605,0,3,0,1,2,0,0,2,1,0
1606,0,3,0,1,2,0,0,2,1,0
1607,0,1,2,0,0,1,1,2,3,0
1608,0,1,2,0,0,1,1,2,3,0
1609,0,1,2,0,0,1,1,2,3,0
1610,0,1,1,0,1,0,2,1,1,0
1611,0,1,1,0,1,0,2,1,1,0
1612,0,1,1,1,2,2,1,1,0,0
1613,1,2,0,0,1,1,1,0,3,0
1614,1,2,1,0,3,1,1,1,3,0
1615,0,2,1,0,3,1,1,1,3,0
1616,0,0,1,1,3,0,0,0,2,0
1617,0,0,1,1,3,0,0,0,2,0
1618,1,1,0,0,3,0,1,2,3,0
1619,0,1,0,0,3,0,1,2,3,0
1620,0,1,0,0,3,0,1,2,3,0
1621,0,2,1,0,2,0,1,3,0,0
1622,1,2,1,0,2,0,1,3,0,0
1623,0,1,1,0,2,2,1,3,3,0
1624,0,1,1,0,2,2,1,3,3,0
1625,1,1,1,0,2,2,1,3,3,0
1626,0,0,0,0,0,2,1,0,3,0
1627,1,0,1,0,0,0,0,0,0,1
1628,0,0,1,0,0,0,0,0,0,1
1629,0,2,0,1,1,0,2,0,2,1
1630,0,1,1,1,0,0,2,0,2,1
1631,0,1,0,0,0,0,0,1,3,1
1632,0,1,0,0,0,0,0,1,3,1
1633,0,0,0,0,2,2,1,2,0,0
1634,1,2,0,0,1,0,2,0,2,0
1635,0,2,0,0,3,0,0,0,3,0
1636,0,2,0,0,3,0,0,0,3,0
1637,1,2,0,0,2,0,1,1,4,0
1638,0,2,1,0,1,0,0,0,1,1
1639,0,2,1,0,1,0,0,0,1,1
1640,0,3,2,1,1,0,2,0,2,1
1641,0,1,1,0,2,0,1,0,3,1
1642,1,2,1,0,3,2,0,1,2,1
1643,0,2,1,0,3,2,0,1,2,1
1644,0,2,1,0,3,2,0,1,2,1
1645,1,0,1,0,0,0,0,0,4,0
1646,1,2,1,0,0,0,1,1,2,0
1647,1,2,1,0,0,0,1,1,2,0
1648,0,2,1,0,0,0,1,1,2,0
1649,1,2,1,0,0,0,1,1,2,0
1650,0,1,0,0,0,2,0,1,1,1
1651,1,3,0,1,0,0,1,0,0,0
1652,0,3,1,0,4,0,0,1,2,1
1653,0,3,1,0,4,0,0,1,2,1
1654,0,2,0,0,0,0,2,0,0,0
1655,1,0,1,0,3,0,1,0,2,1
1656,1,0,1,0,3,0,1,0,2,1
1657,1,2,1,0,2,0,0,1,3,0
1658,0,2,1,0,2,0,0,1,3,0
1659,0,2,1,0,2,0,0,1,3,0
1660,1,2,3,0,1,0,0,0,1,0
1661,0,2,3,0,1,0,0,0,1,0
1662,0,2,3,0,1,0,0,0,1,0
1663,0,2,3,0,2,0,1,1,0,0
1664,1,1,1,0,1,1,1,1,2,1
1665,0,1,1,0,1,1,1,1,2,1
1666,1,0,1,0,3,1,0,1,1,1
1667,1,1,4,0,1,1,1,1,2,0
1668,0,0,4,0,0,0,1,3,1,0
1669,0,0,4,0,0,0,1,3,1,0
1670,0,1,3,0,2,0,1,0,1,0
1671,0,1,3,0,2,0,1,0,1,0
1672,0,1,3,0,2,0,1,0,0,0
1673,0,1,3,1,1,0,1,0,2,0
1674,0,1,0,1,0,0,2,1,3,1
1675,1,1,0,1,0,0,2,1,3,1
1676,0,2,1,1,1,2,2,1,1,1
1677,1,1,2,1,2,2,0,0,4,0
1678,0,1,2,1,2,2,0,0,4,0
1679,1,0,0,0,1,2,1,1,1,0
1680,0,0,0,0,1,2,1,1,1,0
1681,1,2,0,0,2,0,0,1,1,0
1682,0,2,0,0,2,0,0,1,1,0
1683,1,2,0,0,2,0,0,1,1,0
1684,0,2,0,0,3,0,1,0,1,0
1685,0,1,0,0,1,2,0,2,2,1
1686,0,1,0,0,1,2,0,2,2,1
1687,0,0,0,0,2,2,0,2,1,1
1688,0,1,2,1,0,0,0,0,2,0
1689,1,1,2,1,0,0,0,0,2,0
1690,0,1,2,1,0,0,0,0,2,0
1691,0,1,2,1,0,0,0,0,2,0
1692,0,1,3,0,0,0,0,0,3,0
1693,0,1,1,0,0,0,0,1,0,1
1694,1,1,1,0,0,0,0,1,0,1
1695,0,0,1,1,1,0,0,0,0,0
1696,1,0,1,1,1,0,0,0,0,0
1697,1,1,0,1,2,2,2,1,3,1
1698,0,1,0,1,2,2,2,1,3,1
1699,1,1,0,1,2,2,2,1,3,1
1700,0,0,0,0,0,2,2,0,1,1
1701,0,1,1,0,0,2,1,1,1,1
1702,0,0,0,1,2,0,1,1,2,0
1703,0,2,2,1,1,0,1,2,0,0
1704,0,2,2,1,1,0,1,2,0,0
1705,0,2,1,0,0,2,1,1,0,0
1706,0,0,3,0,3,2,1,1,1,1
1707,0,0,3,0,3,2,1,1,1,1
1708,1,0,3,0,3,2,1,1,1,1
1709,0,2,4,0,0,0,1,2,2,1
1710,1,2,1,0,0,0,0,1,1,1
1711,0,2,1,0,0,0,0,1,1,1
1712,1,1,3,0,0,0,1,2,0,1
1713,0,1,3,0,0,0,1,2,0,1
1714,0,1,3,0,0,0,1,2,0,1
1715,0,1,3,0,0,0,1,2,0,1
1716,0,1,3,0,0,0,1,2,0,1
1717,0,0,3,1,1,0,1,2,1,0
1718,0,1,0,1,1,0,0,1,1,0
1719,1,1,0,1,1,0,0,1,1,0
1720,0,1,0,1,1,0,0,1,1,0
1721,0,2,0,1,1,0,2,2,1,0
1722,1,2,0,1,1,0,2,2,1,0
1723,0,1,1,0,2,0,1,1,3,0
1724,1,1,1,0,2,0,1,1,3,0
1725,0,1,1,0,2,0,1,1,3,0
1726,0,1,0,0,1,0,1,0,0,0
1727,0,1,0,0,1,0,1,0,0,0
1728,1,0,4,0,1,0,1,1,1,0
1729,1,0,4,0,1,0,1,1,1,0
1730,0,2,3,0,1,0,1,0,3,1
1731,1,1,0,0,1,0,1,0,0,1
1732,0,2,0,0,3,0,1,1,1,1
1733,1,2,1,1,2,2,2,0,1,1
1734,0,2,0,1,2,2,0,1,0,1
1735,0,2,0,1,2,2,0,1,0,1
1736,1,2,0,0,3,2,1,2,2,1
1737,0,2,0,0,3,2,1,2,2,1
1738,1,2,0,0,3,2,1,2,2,1
1739,1,2,0,0,3,2,1,2,2,1
1740,0,2,3,0,3,1,0,1,1,0
1741,0,2,3,0,3,1,0,1,1,0
1742,0,2,3,0,3,1,0,1,1,0
1743,0,2,3,0,3,1,0,1,1,0
1744,1,1,3,0,1,0,1,2,0,1
1745,0,1,3,0,1,0,1,2,0,1
1746,0,0,3,0,3,1,1,0,1,0
1747,0,0,3,0,3,1,1,0,1,0
1748,0,2,2,0,0,0,0,0,2,0
1749,0,1,0,0,0,0,0,1,1,1
1750,0,1,0,0,0,0,0,1,1,1
1751,1,1,0,0,0,0,0,1,1,1
1752,1,1,2,0,0,0,2,0,2,0
1753,0,2,1,1,2,0,2,0,2,0
1754,0,1,1,1,1,0,0,1,3,0
1755,1,1,1,0,0,0,1,2,1,0
1756,1,1,1,0,0,0,1,2,1,0
1757,1,0,1,1,0,2,1,1,1,0
1758,1,0,1,1,1,2,1,2,2,0
1759,0,0,1,1,1,2,1,2,2,0
1760,1,1,1,0,2,0,1,1,3,0
1761,0,0,4,0,4,0,0,1,2,1
1762,0,1,0,0,1,0,0,0,2,1
1763,0,1,1,1,1,0,0,1,1,0
1764,1,3,0,0,0,0,0,1,1,0
1765,0,3,0,0,0,0,0,1,1,0
1766,1,3,0,0,0,0,0,1,1,0
1767,1,3,0,0,1,0,0,0,2,1
1768,0,3,0,0,1,0,0,0,2,1
1769,0,1,1,0,2,0,1,1,1,0
1770,0,1,1,1,2,0,0,1,2,1
1771,0,0,3,0,2,0,1,1,2,1
1772,1,1,3,1,1,0,1,1,2,1
1773,1,3,2,1,2,0,1,1,1,0
1774,0,3,2,1,2,0,1,1,1,0
1775,0,1,1,0,3,1,1,3,3,0
1776,1,0,2,0,1,0,0,0,2,0
1777,0,0,2,0,1,0,0,0,2,0
1778,0,1,0,0,0,0,0,1,4,1
1779,0,1,0,0,0,0,0,1,4,1
1780,0,1,0,0,2,0,2,2,1,0
1781,1,1,0,0,2,0,2,2,1,0
1782,0,1,0,0,2,0,2,2,1,0
1783,0,1,0,0,2,0,2,2,1,0
1784,1,0,1,0,2,0,0,3,2,0
1785,0,2,2,0,2,0,1,3,3,0
1786,0,0,2,1,1,0,0,3,0,0
1787,0,0,1,0,2,0,0,1,1,0
1788,0,1,1,1,3,2,0,1,0,1
1789,1,1,1,1,3,2,0,1,0,1
1790,0,1,1,1,3,2,0,1,0,1
1791,0,0,4,0,3,2,0,0,0,1
1792,0,2,3,1,3,0,1,1,2,0
1793,0,2,3,1,3,0,1,1,2,0
1794,1,2,3,1,3,0,1,1,2,0
1795,1,0,1,1,3,0,1,2,2,0
1796,1,0,1,1,3,0,1,2,2,0
1797,0,0,2,1,3,0,0,3,2,0
1798,1,0,2,1,3,0,0,3,2,0
1799,0,1,4,0,0,2,0,2,2,1
1800,1,1,4,0,0,0,0,2,2,1
1801,0,1,4,0,0,2,1,1,1,0
1802,0,1,4,0,0,2,1,1,1,0
1803,1,1,4,0,0,2,1,1,1,0
1804,0,3,1,0,2,2,1,0,1,0
1805,0,3,0,0,2,2,0,0,4,0
1806,0,3,0,0,2,2,0,0,4,0
1807,1,3,0,0,2,2,0,0,4,0
1808,1,2,0,0,2,0,0,3,4,0
1809,1,0,0,0,3,1,1,3,2,0
1810,1,0,0,0,1,2,0,3,3,0
1811,0,1,3,0,2,2,0,2,2,1
1812,0,1,4,0,1,0,0,1,0,1
1813,0,0,2,0,3,0,1,1,0,0
1814,0,0,2,0,3,0,1,1,0,0
1815,1,1,1,0,0,0,1,0,1,0
1816,1,1,0,0,2,2,0,1,0,0
1817,0,1,1,0,3,2,0,1,0,1
1818,0,1,0,0,0,0,0,1,0,1
1819,0,1,0,0,0,0,0,1,0,1
1820,1,2,1,0,2,1,0,0,1,1
1821,0,3,1,1,2,2,0,1,0,1
1822,0,2,0,1,1,0,1,0,2,0
1823,0,2,0,1,1,0,1,0,2,0
1824,0,1,0,1,1,0,1,1,2,0
1825,0,0,3,0,1,0,1,0,2,1
1826,0,0,3,0,1,0,1,0,2,1
1827,0,2,1,0,3,0,0,1,1,0
1828,1,2,1,0,3,0,0,1,1,0
1829,0,1,2,0,1,2,0,0,1,0
1830,0,1,1,0,1,0,0,0,2,0
1831,1,1,1,0,0,0,0,0,1,1
1832,1,3,1,0,0,0,1,0,0,1
1833,0,3,1,0,0,0,1,0,0,1
1834,0,3,1,0,0,0,1,0,0,1
1835,0,3,1,0,0,0,1,0,0,1
1836,0,2,3,0,0,0,0,2,0,0
1837,1,2,3,0,0,0,0,2,0,0
1838,1,0,0,0,3,2,2,1,2,1
1839,0,0,0,0,3,2,2,1,2,1
1840,0,2,3,0,3,0,1,1,0,0
1841,0,2,3,0,3,0,1,1,0,0
1842,0,1,4,0,3,0,1,1,0,1
1843,0,1,4,0,3,0,1,1,0,1
1844,1,1,4,0,3,0,1,1,0,1
1845,0,1,4,0,3,0,1,1,0,1
1846,0,1,3,0,2,2,0,1,3,1
1847,0,0,0,0,2,1,1,0,0,0
1848,0,0,3,1,2,1,0,0,0,0
1849,0,1,0,0,1,1,0,0,2,0
1850,0,1,0,0,1,1,0,0,2,0
1851,0,2,1,1,1,0,2,2,1,1
1852,0,0,1,0,0,0,2,2,2,0
1853,0,1,3,1,3,0,1,0,2,0
1854,0,0,0,1,3,2,1,2,1,1
1855,0,1,1,0,0,2,0,1,1,0
1856,0,1,1,0,0,2,0,1,1,0
1857,0,1,1,0,0,0,2,1,2,1
1858,1,1,1,0,0,0,2,1,2,1
1859,0,1,1,0,0,0,0,0,4,0
1860,0,1,0,0,1,0,0,0,4,0
1861,0,1,0,0,1,0,0,0,4,0
1862,0,1,0,0,3,2,0,0,4,0
1863,1,1,0,0,0,0,1,1,0,0
1864,0,1,3,0,0,0,0,1,2,0
1865,0,1,3,0,0,0,0,1,2,0
1866,0,1,4,1,3,0,0,1,1,0
1867,0,1,4,1,3,0,0,1,1,0
1868,0,1,0,1,1,0,1,2,0,0
1869,0,0,1,1,1,2,0,0,1,1
1870,0,0,1,1,1,2,0,0,1,1
1871,0,0,1,0,2,0,1,1,0,0
1872,1,0,1,0,2,0,1,1,0,0
1873,1,0,1,1,1,0,2,1,2,0
1874,0,0,1,1,1,0,2,1,2,0
1875,1,0,1,0,0,0,1,2,1,1
1876,0,1,0,0,3,2,1,2,1,1
1877,1,1,3,0,3,2,1,1,0,1
1878,0,1,3,0,0,2,1,1,1,0
1879,0,1,0,0,2,2,1,0,2,1
1880,1,1,0,0,0,0,2,3,2,1
1881,0,1,1,0,2,2,1,2,1,0
1882,1,1,1,0,2,2,1,2,1,0
1883,0,1,1,0,2,2,1,2,1,0
1884,0,1,1,1,3,0,1,3,1,0
1885,0,1,1,0,1,2,1,1,1,0
1886,1,1,1,0,1,2,1,1,1,0
1887,0,0,1,0,1,0,1,1,2,1
1888,0,0,1,0,2,0,0,0,1,0
1889,0,1,1,0,0,0,1,1,0,0
1890,1,1,1,0,0,0,1,1,0,0
1891,1,2,3,1,1,0,0,0,0,0
1892,0,2,3,1,1,0,0,0,0,0
1893,1,2,4,0,2,0,0,0,0,0
1894,0,1,4,0,0,0,1,0,2,0
1895,0,3,4,0,0,0,1,0,0,0
1896,1,1,1,0,0,0,3,1,3,0
1897,0,1,1,0,0,0,3,1,3,0
1898,1,1,1,0,0,0,3,1,3,0
1899,0,1,1,0,0,0,3,1,3,0
1900,0,0,0,1,0,0,0,1,3,0
1901,0,0,1,1,0,0,1,0,0,0
1902,1,1,2,0,0,2,0,2,2,0
1903,1,1,2,0,0,2,0,2,2,0
1904,0,1,2,0,0,2,0,2,2,0
1905,1,1,2,0,0,2,0,2,2,0
1906,0,1,2,0,0,2,0,2,2,0
1907,0,2,1,0,1,1,1,1,2,0
1908,1,1,0,0,1,1,1,1,2,0
1909,1,1,0,0,1,1,1,1,2,0
1910,0,1,0,0,1,1,1,1,2,0
1911,0,1,0,0,1,1,1,1,2,0
1912,0,2,0,0,2,1,0,0,1,0
1913,0,2,0,0,2,1,0,0,1,0
1914,0,0,0,0,3,0,2,3,2,1
1915,0,0,0,0,3,0,2,3,2,1
1916,0,0,0,0,3,0,2,3,2,1
1917,1,0,0,0,0,0,1,1,0,0
1918,1,2,1,0,0,1,0,1,0,1
1919,1,2,1,0,0,1,0,1,0,1
1920,0,0,2,1,3,0,1,1,0,0
1921,0,0,2,1,3,0,1,1,0,0
1922,0,2,0,0,3,1,1,1,1,0
1923,0,2,0,0,3,1,1,1,1,0
1924,1,2,0,0,3,1,1,1,1,0
1925,1,2,0,0,3,1,1,1,1,0
1926,1,1,0,0,3,1,1,0,1,0
1927,1,1,1,0,1,2,1,0,1,1
1928,0,1,1,0,1,2,1,0,1,1
1929,0,1,2,0,1,2,0,0,0,1
1930,0,1,3,0,2,2,0,1,0,1
1931,0,1,0,0,2,0,0,1,1,0
1932,1,1,0,0,2,0,0,1,1,0
1933,0,1,0,0,2,0,0,1,1,0
1934,0,1,0,1,3,0,1,0,2,0
1935,0,1,0,1,3,0,1,0,2,0
1936,1,0,1,1,3,0,1,1,0,0
1937,1,1,4,0,1,0,2,0,1,0
1938,0,0,1,0,2,0,1,1,1,0
1939,0,1,1,0,2,0,1,2,1,0
1940,1,1,1,0,2,0,1,2,1,0
1941,1,0,1,0,2,0,1,3,0,0
1942,0,3,0,0,0,2,0,3,1,0
1943,1,2,3,0,3,1,1,0,2,0
1944,0,2,3,0,3,1,1,0,2,0
1945,1,0,3,0,0,2,1,0,0,0
1946,0,0,3,0,0,2,1,0,0,0
1947,0,1,0,0,3,0,0,0,0,0
1948,1,0,1,1,1,2,1,1,1,1
1949,1,2,3,0,2,0,0,0,1,1
1950,1,0,0,1,1,2,0,1,2,1
1951,0,0,0,1,1,2,0,1,2,1
1952,1,0,0,1,1,2,0,1,2,1
1953,0,1,3,0,0,0,2,0,2,0
1954,0,1,3,0,0,0,2,0,2,0
1955,1,2,0,0,1,1,1,1,0,0
1956,0,1,0,0,1,1,0,0,1,0
1957,1,1,0,0,1,1,0,0,1,0
1958,1,1,0,0,2,0,0,1,3,0
1959,0,1,0,0,2,0,0,1,3,0
1960,1,0,1,1,1,0,1,0,1,0
1961,0,0,1,1,1,0,1,0,1,0
1962,0,1,3,0,0,0,2,0,0,0
1963,1,2,0,0,3,0,2,2,2,1
1964,1,0,1,0,0,0,0,2,1,1
1965,0,3,1,0,0,0,0,0,4,0
1966,0,2,1,0,0,0,0,1,2,0
1967,1,0,0,0,0,0,1,0,0,1
1968,0,0,0,0,0,2,1,0,0,1
1969,0,0,0,0,0,2,1,0,0,1
1970,0,0,0,0,0,1,1,0,0,1
1971,0,0,0,0,0,1,1,0,0,1
1972,1,0,1,0,0,0,0,3,0,0
1973,0,3,1,0,1,0,0,2,4,0
1974,0,3,1,0,1,0,0,2,4,0
1975,0,1,3,0,2,2,0,3,0,0
1976,0,0,2,0,0,2,1,0,2,0
1977,0,0,2,0,0,2,1,0,2,0
1978,0,2,0,1,1,0,2,0,1,1
1979,0,1,1,1,0,2,1,1,0,1
1980,1,1,0,1,1,0,1,0,0,1
1981,1,1,0,1,1,0,1,0,0,1
1982,0,1,1,0,1,0,1,1,1,0
1983,0,1,1,0,1,0,1,1,1,0
1984,0,0,1,0,3,2,1,0,0,1
1985,1,0,1,0,3,2,1,0,0,1
1986,0,0,1,0,3,2,1,0,0,1
1987,0,0,1,0,2,0,1,0,0,0
1988,0,2,1,0,1,0,1,1,1,1
1989,0,2,1,0,1,0,1,1,1,1
1990,0,0,1,1,0,0,0,0,3,0
1991,0,1,1,0,3,0,1,2,2,1
1992,1,1,1,0,3,0,1,2,2,1
1993,0,1,1,0,3,0,1,2,2,1
1994,0,1,1,0,3,0,1,2,2,1
1995,1,2,0,1,2,0,0,0,2,0
1996,0,0,0,1,2,0,1,0,1,0
1997,0,0,0,1,2,0,1,0,1,0
1998,0,0,4,0,2,0,1,0,1,1
1999,1,0,4,0,2,0,1,0,1,1
2000,0,0,4,0,2,0,1,0,1,1
2001,0,3,2,0,1,0,1,1,0,1
2002,1,2,1,0,2,0,1,0,1,0
2003,1,1,2,1,3,0,1,3,1,0
2004,0,2,1,0,1,0,0,2,0,0
2005,0,2,1,0,1,0,0,2,0,0
2006,1,2,1,0,1,0,0,2,0,0
2007,0,1,1,1,2,0,1,1,4,1
2008,1,0,0,1,0,0,1,0,0,0
2009,0,1,4,1,1,1,0,1,1,0
2010,0,1,4,1,1,1,0,1,1,0
2011,1,2,3,0,2,0,0,3,2,0
2012,1,2,3,0,2,0,0,3,2,0
2013,0,1,0,0,3,0,0,0,0,0
2014,1,1,3,0,1,0,1,0,2,0
2015,0,1,0,0,0,2,1,1,0,1
2016,0,1,0,0,1,0,1,1,2,0
2017,0,1,1,1,3,0,1,0,3,0
2018,0,1,1,0,3,0,0,3,1,0
2019,0,0,1,0,1,0,0,1,1,0
2020,0,0,1,0,1,0,0,1,1,0
2021,1,1,1,0,0,2,1,0,1,0
2022,0,1,0,0,1,2,1,1,2,1
2023,0,3,0,0,0,2,2,1,3,1
2024,0,1,1,0,0,0,1,0,0,1
2025,1,2,1,0,0,0,0,1,0,0
2026,1,0,1,0,1,0,0,1,1,0
2027,0,2,0,0,1,0,0,1,2,0
2028,1,2,0,0,1,0,0,1,2,0
2029,0,0,1,1,0,0,0,3,0,1
2030,0,1,0,1,1,2,1,0,1,0
2031,0,1,0,1,1,2,1,0,1,0
2032,0,1,1,1,2,0,1,3,1,1
2033,0,1,0,0,0,2,2,0,1,1
2034,0,1,0,0,0,2,2,0,1,1
2035,0,1,0,0,0,2,2,0,1,1
2036,0,2,0,0,2,0,2,0,0,0
2037,0,1,0,0,2,0,1,2,1,0
2038,0,1,0,0,2,0,1,2,1,0
2039,1,1,1,0,2,2,0,0,3,0
2040,0,1,1,0,1,0,0,0,2,1
2041,0,1,1,0,1,0,0,0,2,1
2042,0,2,1,1,2,0,1,1,0,1
2043,0,2,1,1,2,0,1,1,0,1
2044,1,0,3,0,0,0,0,2,2,0
2045,1,1,4,0,2,0,1,3,2,0
2046,0,1,1,0,2,2,1,1,2,0
2047,0,1,4,0,0,2,2,0,1,0
2048,0,0,0,0,0,0,1,0,3,0
2049,0,2,3,0,2,2,0,0,0,0
2050,0,2,3,0,2,2,0,0,0,0
2051,0,2,3,0,2,2,0,0,0,0
2052,0,2,3,0,2,2,0,0,0,0
2053,1,1,0,0,0,0,1,2,0,1
2054,1,0,0,0,0,2,1,0,0,0
2055,0,0,1,0,0,0,1,1,4,1
2056,0,0,1,0,2,0,1,1,2,1
2057,1,0,1,0,2,0,1,1,2,1
2058,1,0,1,0,2,0,1,1,2,1
2059,0,0,0,0,2,0,1,1,0,0
2060,1,1,1,0,3,0,0,0,1,0
2061,0,0,1,0,2,0,1,0,1,0
2062,0,0,1,0,2,0,1,0,1,0
2063,0,0,3,1,1,0,1,0,1,0
2064,1,0,3,1,1,0,1,0,1,0
2065,0,1,1,0,2,2,1,0,1,0
2066,0,1,1,0,2,2,1,0,1,0
2067,1,1,1,0,0,0,1,1,0,0
2068,0,1,3,1,0,0,1,1,2,0
2069,0,1,3,1,3,2,1,0,0,1
2070,1,2,3,0,0,0,0,2,1,1
2071,0,2,3,0,0,0,0,2,1,1
2072,1,3,3,0,3,2,1,0,1,0
2073,0,2,4,1,3,2,1,3,0,0
2074,0,1,2,1,3,0,1,3,1,0
2075,0,1,1,0,0,0,0,1,0,1
2076,1,1,0,0,0,0,1,1,0,0
2077,0,1,0,0,0,0,1,1,0,0
2078,0,1,0,0,0,0,1,0,0,1
2079,0,1,0,0,0,0,1,0,0,1
2080,0,0,0,0,0,0,0,1,2,0
2081,0,0,0,0,1,0,0,0,3,0
2082,0,0,0,0,1,0,0,0,3,0
2083,1,0,0,0,1,0,0,0,3,0
2084,0,0,3,1,0,0,0,2,2,0
2085,1,0,3,1,0,0,0,2,2,0
2086,0,2,0,0,2,0,0,0,1,0
2087,1,1,0,0,1,0,2,1,2,1
2088,1,1,0,0,1,1,1,1,0,1
2089,1,1,0,0,1,1,1,1,0,1
2090,0,0,0,1,1,0,1,1,2,0
2091,0,0,3,0,3,0,0,2,0,0
2092,0,2,2,1,2,0,0,3,2,0
2093,0,1,2,1,2,0,1,1,0,0
2094,1,1,0,0,4,0,0,0,1,0
2095,1,1,0,0,4,0,0,0,1,0
2096,1,1,3,0,4,0,2,0,3,0
2097,0,1,3,0,4,0,2,0,3,0
2098,0,0,0,0,0,1,1,1,2,0
2099,0,1,3,0,3,1,0,0,1,0
2100,0,1,3,0,3,1,0,0,1,0
2101,0,1,3,0,3,1,0,0,1,0
2102,0,3,0,1,1,0,1,1,2,1
2103,0,1,3,0,1,0,1,0,2,0
2104,0,1,1,0,1,0,1,1,2,0
2105,1,1,1,0,1,0,1,1,2,0
2106,0,0,0,0,2,2,1,1,3,0
2107,0,2,1,0,0,0,2,1,3,0
2108,0,3,4,1,1,0,2,2,1,0
2109,0,3,4,1,0,0,2,2,0,0
2110,0,0,0,0,3,0,0,0,1,0
2111,0,1,3,1,2,0,1,0,1,0
2112,0,1,3,1,2,0,1,0,1,0
2113,0,1,1,2,1,2,0,0,0,0
2114,0,1,1,1,3,2,1,0,0,0
2115,0,2,0,1,1,2,0,1,2,1
2116,1,2,0,1,1,2,0,1,2,1
2117,1,2,2,1,0,2,1,2,3,1
2118,1,0,1,0,3,0,0,1,3,1
2119,1,1,1,1,1,0,1,1,2,0
2120,0,3,3,1,2,0,2,0,3,0
2121,0,2,4,0,0,0,1,1,2,0
2122,0,0,3,0,3,0,1,0,1,0
2123,1,3,0,1,1,0,1,0,4,0
2124,0,2,0,0,0,0,0,3,2,0
2125,1,2,4,0,3,0,0,2,0,0
2126,1,2,4,0,3,0,0,2,0,0
2127,1,2,4,0,3,0,0,2,0,0
2128,0,1,2,0,3,0,0,1,0,0
2129,1,0,4,0,0,0,0,1,1,0
2130,0,2,0,0,3,2,2,2,0,0
2131,0,2,2,0,2,2,1,1,3,1
2132,1,2,2,0,2,2,1,1,3,1
2133,1,1,2,0,1,0,1,2,2,1
2134,0,3,0,0,0,1,1,0,2,0
2135,0,3,0,0,0,1,1,0,2,0
2136,0,0,0,0,3,1,0,2,0,0
2137,0,0,0,0,3,0,1,1,2,0
2138,0,0,0,0,3,0,1,1,2,0
2139,1,2,0,0,2,0,0,2,2,0
2140,0,0,4,0,1,2,0,1,4,1
2141,1,0,1,1,1,0,1,1,3,1
2142,1,0,1,1,1,0,1,1,3,1
2143,0,0,3,1,2,0,0,1,2,0
2144,0,0,3,1,2,0,0,1,2,0
2145,1,0,1,0,2,0,0,1,2,0
2146,1,1,1,0,1,0,1,0,3,0
2147,1,1,0,1,2,2,1,2,2,1
2148,0,1,0,1,2,2,1,2,2,1
2149,0,1,1,1,3,1,0,1,2,0
2150,1,1,1,0,0,0,1,1,1,0
2151,1,1,1,0,0,0,1,1,1,0
2152,0,1,1,0,0,2,0,1,1,0
2153,1,0,3,0,3,2,0,0,0,0
2154,1,0,3,0,3,2,0,0,0,0
2155,1,2,1,0,3,0,0,2,1,1
2156,0,2,1,0,3,2,0,2,3,1
2157,0,0,0,1,2,0,1,1,1,1
2158,1,0,0,0,2,2,1,1,1,1
2159,1,0,0,0,2,2,1,1,1,1
2160,1,0,0,0,2,2,1,1,1,1
2161,0,1,1,0,0,1,0,0,0,1
2162,0,2,1,1,1,2,1,2,2,1
2163,0,2,1,1,1,2,1,2,2,1
2164,0,3,1,1,0,2,1,2,2,0
2165,0,1,1,0,2,2,0,0,1,0
2166,0,0,1,0,2,0,0,1,0,0
2167,0,0,0,0,1,0,1,2,1,0
2168,1,0,0,0,1,0,1,2,1,0
2169,1,1,3,0,0,0,1,0,0,0
2170,0,1,2,1,3,0,0,1,1,1
2171,1,1,2,1,0,0,0,0,1,0
2172,0,2,1,1,3,0,0,1,3,0
2173,1,2,2,0,3,2,0,2,2,1
2174,0,2,3,0,3,2,0,1,0,0
2175,1,2,1,0,0,0,1,0,1,1
2176,0,1,2,0,3,2,0,1,0,0
2177,0,1,2,0,3,2,0,1,0,0
2178,0,1,3,0,3,0,0,0,0,0
2179,0,1,1,0,3,0,1,1,1,1
2180,0,1,1,0,3,0,1,1,1,1
2181,1,1,0,0,3,1,1,0,2,0
2182,1,2,0,0,0,2,0,3,1,0
2183,0,3,0,0,0,2,1,1,1,0
2184,0,1,0,0,1,0,2,3,0,0
2185,0,1,2,0,1,2,1,3,0,0
2186,0,1,2,0,1,0,1,1,1,0
2187,1,1,2,0,1,0,1,1,1,0
2188,1,2,0,1,0,0,0,1,2,0
2189,0,1,4,0,0,0,0,1,1,0
2190,0,1,4,0,0,0,0,1,1,0
2191,0,1,4,0,0,0,0,1,1,0
2192,1,2,1,1,1,0,1,3,0,0
2193,0,1,1,1,1,0,0,3,4,0
2194,0,1,1,0,0,1,0,2,1,0
2195,0,2,0,1,0,2,0,2,2,1
2196,0,1,4,1,2,0,2,2,0,0
2197,0,2,2,0,0,0,1,3,1,0
2198,1,2,2,0,0,0,1,3,1,0
2199,0,2,2,0,0,0,1,3,1,0
2200,1,0,0,0,2,0,0,1,2,0
2201,0,0,0,0,2,2,1,1,0,0
2202,0,2,1,1,1,0,1,2,0,0
2203,1,1,1,1,2,0,1,1,0,0
2204,1,1,1,1,2,0,2,1,1,0
2205,0,2,1,0,3,0,0,0,1,1
2206,0,1,0,0,0,0,1,2,1,0
2207,1,2,0,0,2,0,1,1,4,0
2208,0,0,1,0,3,2,1,3,4,1
2209,0,0,1,1,1,2,0,2,0,1
2210,0,0,1,1,1,2,0,2,0,1
2211,0,1,0,1,2,0,1,1,3,0
2212,1,0,0,0,0,0,0,1,2,1
2213,0,2,3,1,1,0,1,1,0,0
2214,0,1,3,0,0,2,0,2,0,0
2215,0,0,0,0,1,0,0,0,1,1
2216,0,2,1,0,1,0,0,0,4,0
2217,0,3,0,0,1,0,1,2,0,0
2218,1,3,1,0,1,0,1,1,2,0
2219,1,3,1,0,1,0,1,1,2,0
2220,0,0,0,1,3,0,0,1,3,0
2221,1,1,2,1,2,2,0,1,3,1
2222,0,1,0,0,0,2,1,1,0,0
2223,1,1,1,1,0,0,2,1,1,1
2224,0,1,1,1,0,0,2,1,1,1
2225,0,0,3,0,3,0,2,2,1,1
2226,1,0,3,0,3,0,2,2,1,1
2227,0,0,3,0,3,0,2,2,1,1
2228,1,0,3,0,3,0,2,2,1,1
2229,0,0,2,0,1,0,1,0,0,1
2230,0,0,2,0,1,0,1,0,0,1
2231,0,0,3,0,0,0,1,1,1,0
2232,0,0,3,0,0,0,1,1,1,0
2233,0,0,1,1,2,2,1,2,2,0
2234,1,0,1,0,3,0,0,3,0,0
2235,0,2,3,0,1,0,0,0,0,1
2236,0,2,3,0,1,0,0,0,0,1
2237,1,1,2,0,3,0,0,1,2,0
2238,0,2,1,2,2,0,1,1,0,0
2239,0,2,1,2,2,0,1,1,0,0
2240,0,0,3,1,3,0,1,1,1,1
2241,0,0,3,1,3,0,1,1,1,1
2242,1,1,4,0,3,2,1,1,0,1
2243,0,1,4,0,3,2,1,1,0,1
2244,0,1,0,0,0,0,1,2,2,0
2245,0,1,0,1,1,2,1,1,0,1
2246,0,1,0,1,1,2,1,1,0,1
2247,1,1,0,0,0,1,0,0,3,1
2248,1,1,0,0,0,0,1,0,1,0
2249,0,3,0,0,0,0,1,1,0,0
2250,0,1,0,0,3,2,0,3,2,0
2251,0,1,2,0,3,0,0,2,1,0
2252,0,1,3,0,0,0,1,1,3,0
2253,0,1,3,1,0,0,1,1,2,0
2254,0,1,1,0,2,0,1,3,3,0
2255,0,2,1,0,1,2,0,1,0,0
2256,1,1,1,0,0,0,3,1,2,0
2257,0,0,2,0,1,2,2,1,2,1
2258,1,0,1,0,2,0,0,1,2,1
2259,0,0,1,0,2,0,0,1,2,1
2260,0,0,0,0,1,0,0,0,0,0
2261,1,0,1,0,0,0,0,0,1,0
2262,0,2,2,0,3,0,1,1,1,0
2263,0,1,0,0,0,0,2,0,1,0
2264,0,0,0,0,0,0,0,1,0,0
2265,0,1,0,0,3,2,0,1,0,0
2266,0,1,1,0,2,0,0,1,1,1
2267,0,1,0,0,1,2,1,0,2,0
2268,0,1,1,0,0,0,1,0,3,0
2269,0,1,2,0,1,0,0,0,1,0
2270,0,3,0,1,4,0,0,0,4,0
2271,1,2,0,0,0,0,0,1,3,0
2272,1,2,0,0,0,0,0,1,3,0
2273,0,1,3,0,3,0,1,2,0,0
2274,0,1,0,1,1,2,0,3,2,1
2275,0,1,4,0,1,2,0,0,1,1
2276,0,0,0,0,0,1,0,1,0,0
2277,0,1,0,0,1,1,1,0,1,0
2278,0,0,0,0,1,1,0,1,1,1
2279,0,0,0,0,0,2,1,0,3,1
2280,0,1,0,1,3,1,0,1,1,1
2281,1,0,0,1,3,3,0,0,3,0
2282,0,1,0,1,4,3,0,1,2,1
2283,0,1,0,1,4,3,0,1,2,1
2284,0,1,3,2,4,3,0,1,1,1
2285,1,0,0,2,3,1,1,1,1,1
2286,1,1,1,1,1,0,1,1,1,0
2287,1,1,0,0,2,2,0,0,1,1
2288,0,0,3,0,3,0,0,1,1,0
2289,0,0,0,0,1,0,0,2,2,1
2290,0,1,1,1,0,0,0,2,0,1
2291,1,1,1,1,1,0,0,1,2,1
2292,0,3,0,0,3,0,1,0,2,0
2293,0,3,0,0,3,0,1,0,2,0
2294,1,1,0,0,3,0,1,0,1,0
2295,0,1,4,0,0,0,0,1,2,0
2296,0,1,0,0,3,0,0,2,3,0
2297,1,2,1,0,3,0,1,0,2,1
2298,0,2,4,0,3,0,0,0,0,0
2299,0,1,4,0,2,0,1,1,2,0
2300,0,1,4,0,2,0,1,1,2,0
2301,0,1,0,0,0,0,1,2,0,1
2302,0,2,3,0,1,1,1,1,1,0
2303,0,1,4,1,1,2,0,0,3,1
2304,0,3,3,0,1,0,0,1,2,0
2305,1,2,4,0,1,2,0,0,4,1
2306,0,1,2,0,2,2,1,1,4,1
2307,1,1,2,1,2,2,0,1,1,0
2308,1,1,1,1,1,2,1,3,1,1
2309,0,1,1,0,0,2,1,0,1,0
2310,0,0,1,0,0,0,1,2,0,0
2311,0,0,1,0,0,0,1,2,0,0
2312,0,1,1,0,2,0,0,3,1,0
2313,0,0,1,0,1,0,1,1,1,0
2314,1,0,1,0,1,0,1,1,1,0
2315,1,0,0,0,0,1,1,1,0,0
2316,0,1,0,0,1,1,2,1,2,0
2317,1,0,0,0,3,0,0,1,2,0
2318,1,1,1,1,0,0,0,1,2,0
2319,0,1,0,0,0,2,0,0,1,1
2320,0,1,3,0,1,0,1,3,4,0
2321,0,0,3,0,1,0,1,3,4,0
2322,1,1,3,1,3,2,0,1,0,0
2323,0,3,0,1,3,2,0,0,3,0
2324,0,1,1,0,0,0,1,1,0,0
2325,0,3,1,0,3,1,1,0,1,0
2326,0,2,1,0,3,2,0,1,1,0
2327,0,0,0,0,1,0,1,0,1,0
2328,0,1,1,0,0,0,1,2,3,0
2329,0,2,1,0,0,0,0,1,1,0
2330,0,2,1,0,3,0,1,1,1,0
2331,0,0,1,1,3,2,1,0,0,0
2332,0,1,3,1,0,2,0,2,2,0
2333,0,1,2,0,0,0,1,0,0,0
2334,1,1,1,0,3,2,1,3,2,0
2335,0,0,3,0,3,2,0,2,1,1
2336,1,0,0,1,1,0,0,0,1,1
2337,0,2,1,0,0,0,0,0,0,0
2338,0,2,1,0,0,0,0,0,0,0
2339,0,2,2,1,1,2,1,0,1,1
2340,0,1,1,1,3,0,1,0,1,1
2341,0,2,3,0,3,0,1,0,0,1
2342,1,1,1,1,2,0,0,2,3,1
2343,0,0,3,0,2,0,0,2,1,0
2344,0,1,0,0,3,0,1,3,1,0
2345,0,0,2,0,0,0,1,0,4,0
2346,0,0,0,0,1,0,1,0,2,0
2347,0,0,1,0,0,2,0,0,3,1
2348,0,0,1,0,1,0,1,0,2,0
2349,0,0,1,0,1,0,1,0,2,0
2350,0,1,1,0,1,0,0,3,3,0
2351,1,1,3,0,0,0,1,0,0,0
2352,0,0,0,0,3,0,1,1,3,1
2353,1,1,0,0,3,0,1,0,3,1
2354,0,0,0,0,3,0,1,0,2,0
2355,0,1,0,0,1,0,1,2,4,1
2356,0,0,0,0,1,0,1,0,2,0
2357,1,0,1,0,2,0,0,2,3,1
2358,0,0,0,0,0,0,1,1,1,0
2359,1,0,0,0,2,0,1,0,0,0
2360,0,1,0,0,1,0,0,0,3,0
2361,0,2,0,1,2,0,0,1,2,1
2362,0,2,0,1,3,2,1,1,2,0
2363,1,1,1,0,3,0,0,2,2,1
2364,0,1,0,1,0,0,1,0,1,0
2365,1,2,0,1,0,2,1,1,3,1
2366,0,0,0,1,1,0,1,0,1,0
2367,0,0,1,1,2,0,0,0,2,1
2368,1,1,1,1,0,0,1,0,2,1
2369,0,0,0,1,2,0,1,0,0,0
2370,0,2,3,0,0,2,1,2,3,1
2371,0,1,2,1,1,2,2,0,2,1
2372,0,1,1,1,2,0,1,3,0,0
2373,1,1,1,0,1,2,1,1,1,1
2374,0,2,0,1,1,0,1,1,0,0
2375,0,0,0,1,1,0,1,1,1,1
2376,0,3,0,0,3,2,1,3,1,0
2377,1,1,0,0,0,0,0,0,0,0
2378,1,1,1,0,2,0,0,1,1,0
2379,0,0,0,0,1,0,0,1,3,0
2380,1,0,1,0,1,0,0,3,1,0
2381,0,2,1,0,1,2,0,0,1,1
2382,1,2,1,0,3,0,1,1,2,1
2383,0,0,3,1,4,2,1,0,2,0
2384,0,3,0,0,3,2,0,0,1,0
2385,1,1,3,0,0,0,1,0,0,0
2386,0,1,0,0,2,2,0,0,2,1
2387,0,1,1,1,3,0,0,0,1,0
2388,0,0,3,1,0,2,1,3,0,1
2389,1,1,0,0,3,0,0,1,1,0
2390,0,3,1,2,3,0,0,3,1,1
